0,1,2,3,4,5,6,7,8,9,10,11,12,13,14,15,16,17,18,y
0.014900336145976124,0.40433014580079013,-1.0751738700395135,-0.25371446699450034,0.17307432681588308,0.5783735261212104,-1.20459114362829,-0.8177486486982815,0.46942199055441686,0.4811261871652891,0.8048881368635504,-0.6003924836242512,-0.06274558051381635,-1.5849004159045943,-1.0889919041300227,-0.37258242898693206,-1.88823862634896,1.6686046728847272,0.2222222222222213,0
0.542620574649299,-1.0774066759362375,1.2653986305040226,0.14286018718962776,-0.7518887670953466,-0.47678530749612547,-1.20459114362829,-0.3052250878974195,-0.1317663354531982,0.7231468280248187,-0.5513780520469445,-0.6003924836242512,-0.06274558051381635,0.17533305994763543,-0.12811669460353248,-0.11718318331040638,0.39375592208224586,0.6882568705221845,0.2222222222222213,0
-0.5128199023573468,1.0217204881912183,0.32636654944763377,0.8566945647210572,0.83376225103819,0.5783735261212104,-0.10005773253438874,-0.8177486486982815,0.16882782755060932,0.4811261871652891,0.8048881368635504,2.863410306515659,-0.06274558051381635,-0.7047836779784794,-0.44840843111236245,-1.138780166016509,0.39375592208224586,-1.205734656928752,0.2222222222222213,0
-0.24895978310568534,-0.3365382650677237,-1.0751738700395135,0.5394348413737559,-1.1483015216287307,0.5783735261212104,0.4522089730125619,-0.8177486486982815,0.6197190720563206,1.8468140891583444,-1.338012441615033,0.09236807440373093,-0.06274558051381635,-1.2328537207341483,0.19217504190529747,-1.138780166016509,0.39375592208224586,-1.8788394366951993,-4.499999999999998,0
1.3342009324042834,0.5278082142788757,0.7888748878783929,-1.0468637753627565,0.9658998358826514,0.22853476845129134,-0.10005773253438874,1.0330308764159422,-0.43236049845700575,-1.0401464125231759,-0.334375461821266,-0.6003924836242512,-0.06274558051381635,0.8794264502885272,-0.12811669460353248,-0.11718318331040638,-1.88823862634896,-0.5750779263367639,0.2222222222222213,0
-1.3044002601123312,2.2565011729720745,-1.0751738700395135,0.14286018718962776,2.0230005146383423,0.22853476845129134,-0.10005773253438874,-0.7465648208092728,0.6197190720563206,-0.5906795080697653,1.049016050867439,-0.6003924836242512,-0.06274558051381635,0.17533305994763543,0.19217504190529747,-0.37258242898693206,0.39375592208224586,-0.5750779263367639,0.2222222222222213,0
-1.5682603793639927,0.28085207732270445,0.7888748878783929,-1.0468637753627565,0.83376225103819,0.22853476845129134,-0.10005773253438874,1.3177661879719766,1.3411450632654587,-1.0401464125231759,-0.8768819373854639,-0.6003924836242512,-0.06274558051381635,-0.7047836779784794,1.7936337244494476,-0.37258242898693206,0.39375592208224586,1.5877512458857563,0.2222222222222213,0
-1.0405401408606696,-0.3365382650677237,-0.6126655316087548,-0.6502891211786284,-0.35547601256196243,0.22853476845129134,-1.20459114362829,-0.8177486486982815,1.1457588573129838,1.120752166579758,-0.19874884293021652,0.785128632431713,-0.06274558051381635,0.5273797551180817,0.8327585149229574,-0.37258242898693206,0.39375592208224586,0.6882568705221845,-4.499999999999998,0
0.542620574649299,-0.583494402023895,-1.0751738700395135,0.9360094955578839,-0.48761359740642385,0.22853476845129134,-0.320964414753169,-0.8177486486982815,2.272986968577262,1.120752166579758,-0.19874884293021652,1.4778891904596951,-0.06274558051381635,0.17533305994763543,0.5124667784141278,-1.138780166016509,0.39375592208224586,0.7731529688711062,0.2222222222222213,0
0.014900336145976124,0.40433014580079013,0.7888748878783929,0.14286018718962776,-0.35547601256196243,0.5783735261212104,-0.10005773253438874,-0.02048977634138517,1.2209073980639358,-0.07206384908506122,0.18100568996472163,0.09236807440373093,-0.06274558051381635,0.17533305994763543,1.1530502514317877,-1.138780166016509,0.39375592208224586,0.7286835840216714,0.2222222222222213,0
0.542620574649299,0.8982424197131327,0.7888748878783929,0.14286018718962776,-0.48761359740642385,0.5783735261212104,-0.7627777791907295,-0.8177486486982815,1.070610316562032,0.4811261871652891,0.8048881368635504,-0.6003924836242512,-0.06274558051381635,-1.5849004159045943,-1.0889919041300227,-1.138780166016509,1.3065537414547281,-0.5750779263367639,0.2222222222222213,0
1.070340813152622,-1.3243628128924088,0.32636654944763377,-0.174399536157675,-1.2804391064731921,-0.47678530749612547,-1.20459114362829,1.958420638973054,-1.1838459059665245,-2.0428033532269367,-0.524252728268736,-0.6003924836242512,-0.06274558051381635,0.17533305994763543,-0.12811669460353248,-0.11718318331040638,0.39375592208224586,0.7286835840216714,0.2222222222222213,0
0.542620574649299,-0.7069724705019806,-0.6126655316087548,0.5394348413737559,-1.1483015216287307,0.5783735261212104,-0.10005773253438874,-0.8177486486982815,1.671798642569647,0.4811261871652891,0.8048881368635504,-0.6003924836242512,-0.06274558051381635,-1.2328537207341483,0.19217504190529747,-1.138780166016509,0.39375592208224586,0.9207104731442322,0.2222222222222213,0
0.014900336145976124,-1.0774066759362375,-1.0751738700395135,-1.0468637753627565,-0.48761359740642385,1.6391749203461248,-1.20459114362829,0.776769096015511,-0.1317663354531982,-0.8672745261949412,-0.11737287159558761,2.170649748487677,-0.06274558051381635,0.17533305994763543,0.19217504190529747,0.13821606236611927,0.39375592208224586,-0.5750779263367639,0.2222222222222213,0
-0.5128199023573468,-0.3365382650677237,0.32636654944763377,-0.25371446699450034,0.43734949650480587,1.6391749203461248,0.4522089730125619,-0.8177486486982815,-0.37224166585624424,0.5675621303294065,0.6692615179725009,-0.6003924836242512,-0.06274558051381635,-1.5849004159045943,1.7936337244494476,-0.6279816746634577,-2.8010364457214423,-0.5750779263367639,0.2222222222222213,0
2.1257812901592676,-0.08958212811155244,-0.13614178898312457,-0.25371446699450034,0.9658998358826514,-2.5927455353383757,-0.320964414753169,0.6771117369708991,-0.43236049845700575,-0.5906795080697653,-0.38862610937768655,0.09236807440373093,-0.06274558051381635,0.17533305994763543,-1.0889919041300227,1.4152122907487477,0.39375592208224586,0.09196284640476028,0.2222222222222213,0
-0.5128199023573468,1.6391108305816464,-1.0751738700395135,0.14286018718962776,0.83376225103819,1.6391749203461248,-0.5418710969719492,-0.8177486486982815,1.671798642569647,0.4811261871652891,0.8048881368635504,-0.6003924836242512,-0.06274558051381635,0.17533305994763543,0.19217504190529747,-1.138780166016509,0.39375592208224586,0.0565894720927103,0.2222222222222213,0
-2.0959806178673155,-1.5713189498485802,-1.0751738700395135,-1.8400130837310127,-0.48761359740642385,-0.47678530749612547,-0.6523244380813393,-0.8177486486982815,-0.7329546614608133,0.2563927349385845,1.1575173459802783,-0.6003924836242512,-0.06274558051381635,0.17533305994763543,-0.28826256285794766,-1.138780166016509,0.39375592208224586,0.05557880425522406,0.2222222222222213,0
-0.5128199023573468,-0.08958212811155244,-0.6126655316087548,0.5394348413737559,-1.1483015216287307,-0.8322666257736232,-0.10005773253438874,-0.8177486486982815,1.671798642569647,0.4811261871652891,0.8048881368635504,2.170649748487677,-0.06274558051381635,-1.5849004159045943,-1.4092836406388527,-0.37258242898693206,0.39375592208224586,0.0565894720927103,0.2222222222222213,0
-0.5128199023573468,-1.2008847444143231,-0.13614178898312457,0.14286018718962776,-0.35547601256196243,0.22853476845129134,-0.320964414753169,-0.3052250878974195,-0.282063416955102,0.7231468280248187,-0.5785033758251547,0.785128632431713,-0.06274558051381635,1.0554497978737503,0.19217504190529747,1.4152122907487477,0.39375592208224586,3.033006253492392,0.2222222222222213,0
0.542620574649299,-1.2008847444143231,-1.0751738700395135,0.3014900488632784,0.17307432681588308,1.6391749203461248,1.335835701887683,-0.8177486486982815,-0.1317663354531982,1.120752166579758,-0.19874884293021652,-0.25401220461026014,-0.06274558051381635,0.17533305994763543,1.7936337244494476,-1.138780166016509,0.39375592208224586,0.7286835840216714,0.2222222222222213,0
-0.5128199023573468,-1.5713189498485802,0.32636654944763377,0.5394348413737559,1.7587253449494196,-0.47678530749612547,-0.6523244380813393,-0.6611442273424625,0.16882782755060932,-0.3832332444758844,1.8899010879919462,-0.6003924836242512,-0.06274558051381635,0.17533305994763543,0.19217504190529747,-1.138780166016509,-2.8010364457214423,-0.5750779263367639,0.2222222222222213,0
-1.5682603793639927,0.03389594036653319,0.32636654944763377,0.5394348413737559,-1.1483015216287307,0.5783735261212104,-1.20459114362829,-0.8177486486982815,1.2209073980639358,0.4811261871652891,0.8048881368635504,-0.6003924836242512,-0.06274558051381635,-1.5849004159045943,-1.0889919041300227,-1.138780166016509,-1.88823862634896,0.09196284640476028,0.2222222222222213,0
0.014900336145976124,-1.0774066759362375,1.7279069689347817,-0.412344328668151,-0.8840263519398079,-0.47678530749612547,-1.20459114362829,-0.8177486486982815,-0.1317663354531982,0.4811261871652891,0.8048881368635504,-0.6003924836242512,-0.06274558051381635,0.17533305994763543,-0.12811669460353248,-0.11718318331040638,0.39375592208224586,0.6882568705221845,0.2222222222222213,0
0.22598843154730527,2.0095450360159033,1.7279069689347817,0.5394348413737559,-0.6197511822508852,0.5783735261212104,0.7835689963407323,-0.8177486486982815,0.16882782755060932,0.4811261871652891,0.8048881368635504,0.09236807440373093,-0.06274558051381635,0.17533305994763543,0.5124667784141278,-0.37258242898693206,0.39375592208224586,0.0565894720927103,0.2222222222222213,0
0.8064806939009604,0.5278082142788757,0.7888748878783929,-1.0468637753627565,-1.1483015216287307,-0.47678530749612547,2.6612757952003645,0.3069558319480545,-0.7329546614608133,0.2563927349385845,-1.02878375054344,0.785128632431713,-0.06274558051381635,1.0554497978737503,-0.44840843111236245,1.4152122907487477,2.6757504705134516,-1.8384127231957124,0.2222222222222213,0
-0.5128199023573468,-0.7069724705019806,-1.0751738700395135,-0.25371446699450034,-0.35547601256196243,0.5783735261212104,-0.10005773253438874,-0.8177486486982815,1.671798642569647,1.120752166579758,-0.19874884293021652,-0.6003924836242512,-0.06274558051381635,-2.465017153830709,0.19217504190529747,-1.138780166016509,0.39375592208224586,0.9207104731442322,0.2222222222222213,0
-1.3044002601123312,-0.9539286074581519,-1.0751738700395135,-0.25371446699450034,0.43734949650480587,1.6391749203461248,0.010395608575001386,0.2642455352146492,-1.033548824464621,-0.29679730131176707,-0.06312222403916705,0.785128632431713,-0.06274558051381635,0.17533305994763543,0.19217504190529747,1.4152122907487477,0.39375592208224586,0.05557880425522406,0.2222222222222213,0
-0.24895978310568534,-1.2008847444143231,-1.0751738700395135,-1.0468637753627565,0.17307432681588308,-0.47678530749612547,-1.20459114362829,0.2357720040590459,-0.282063416955102,-0.4869563762728243,0.3166323088557711,-0.6003924836242512,-0.06274558051381635,-0.5287603303932563,-0.12811669460353248,0.13821606236611927,0.39375592208224586,-1.1875426358539822,0.2222222222222213,0
0.014900336145976124,0.40433014580079013,-0.13614178898312457,-1.0468637753627565,1.4944501752604968,0.22853476845129134,-0.10005773253438874,-0.8177486486982815,0.46942199055441686,0.4811261871652891,0.8048881368635504,-0.6003924836242512,-0.06274558051381635,1.0554497978737503,0.19217504190529747,-0.37258242898693206,0.39375592208224586,0.09196284640476028,0.2222222222222213,0
2.1257812901592676,-0.08958212811155244,-1.0751738700395135,-0.174399536157675,-0.48761359740642385,-0.47678530749612547,-1.20459114362829,1.8872368110840454,-0.1317663354531982,-1.455038939710939,-1.3108871178368227,-0.6003924836242512,-0.06274558051381635,0.5273797551180817,-1.0889919041300227,-0.11718318331040638,0.39375592208224586,1.5897725815607289,0.2222222222222213,0
-1.5682603793639927,0.28085207732270445,0.32636654944763377,-0.25371446699450034,0.17307432681588308,0.22853476845129134,-0.10005773253438874,1.3177661879719766,1.3411450632654587,-1.0401464125231759,-0.8768819373854639,-0.6003924836242512,-0.06274558051381635,0.17533305994763543,0.19217504190529747,-0.37258242898693206,0.39375592208224586,1.5877512458857563,0.2222222222222213,0
0.014900336145976124,-0.46001633354580934,-1.0751738700395135,-1.0468637753627565,0.17307432681588308,0.22853476845129134,-1.20459114362829,1.7448691553060283,-0.1317663354531982,-1.9045058441643494,-0.334375461821266,-0.6003924836242512,-0.06274558051381635,0.17533305994763543,-0.44840843111236245,1.4152122907487477,0.39375592208224586,-1.201691985578801,0.2222222222222213,0
-0.5128199023573468,1.3921546936254752,-1.0751738700395135,-1.284808567873234,1.6265877601049583,-1.887425459390959,0.12084894968439151,-0.02048977634138517,1.3712044795658396,-0.07206384908506122,0.18100568996472163,0.09236807440373093,-0.06274558051381635,0.17533305994763543,0.19217504190529747,-0.37258242898693206,0.39375592208224586,-0.5750779263367639,0.2222222222222213,0
0.542620574649299,-0.9539286074581519,0.32636654944763377,0.7773796338842333,0.17307432681588308,0.5783735261212104,-0.10005773253438874,-0.8177486486982815,1.2810262306646971,-0.07206384908506122,1.672898497766266,3.5561708645436414,-0.06274558051381635,-1.5849004159045943,1.7936337244494476,-1.138780166016509,0.39375592208224586,0.0757921610049661,0.2222222222222213,0
-1.5682603793639927,-1.2008847444143231,0.7888748878783929,0.14286018718962776,-0.6197511822508852,0.5783735261212104,-0.10005773253438874,-0.46182950925323846,0.16882782755060932,0.34282867810270184,0.3437576326339814,0.9583187719387086,-0.06274558051381635,-0.8808070255637025,1.1530502514317877,-1.138780166016509,0.39375592208224586,2.311389417526562,0.2222222222222213,0
1.5980610516559448,1.145198556669304,-1.0751738700395135,-0.25371446699450034,0.17307432681588308,0.22853476845129134,2.109009089653414,0.6628749713930975,-1.3942618200691899,-1.5241876942422325,1.1575173459802783,-0.6003924836242512,-0.06274558051381635,1.0554497978737503,0.19217504190529747,0.9044137993956963,0.39375592208224586,0.7387902623965424,0.2222222222222213,0
1.1231128370029542,0.40433014580079013,-0.6126655316087548,-0.25371446699450034,0.43734949650480587,0.22853476845129134,0.7835689963407323,-0.8177486486982815,-0.1317663354531982,0.4811261871652891,0.8048881368635504,-0.6003924836242512,-0.06274558051381635,-0.7047836779784794,0.19217504190529747,-0.37258242898693206,-1.88823862634896,-0.5750779263367639,0.2222222222222213,0
-1.5682603793639927,0.40433014580079013,0.7888748878783929,0.7773796338842333,0.17307432681588308,0.5783735261212104,-0.10005773253438874,-0.8177486486982815,0.7700161535582244,0.6885724507591713,0.4793842515250309,0.438748353417722,-0.06274558051381635,0.17533305994763543,0.8327585149229574,-1.138780166016509,0.39375592208224586,2.313410753201537,0.2222222222222213,0
-1.5682603793639927,2.2565011729720745,0.32636654944763377,0.5394348413737559,2.551550854016188,0.22853476845129134,0.4522089730125619,-0.8177486486982815,0.6197190720563206,1.120752166579758,-0.19874884293021652,-0.6003924836242512,-0.06274558051381635,0.6153914289106929,0.19217504190529747,-0.37258242898693206,0.39375592208224586,-0.5750779263367639,0.2222222222222213,0
2.1257812901592676,-1.0774066759362375,-0.6126655316087548,1.72915880392614,2.8158260237051107,2.3444949962935415,-0.6523244380813393,1.6736853274170196,1.2209073980639358,-1.299454242015528,-1.1481351751675628,-0.6003924836242512,-0.06274558051381635,0.17533305994763543,0.19217504190529747,1.4152122907487477,0.39375592208224586,-0.5750779263367639,0.2222222222222213,0
-0.7766800216090083,-0.8304505389800663,-1.0751738700395135,0.9360094955578839,1.6265877601049583,0.22853476845129134,-0.10005773253438874,2.2716294816846916,0.6197190720563206,-2.1638136736567013,-0.9311325849418844,-0.6003924836242512,-0.06274558051381635,0.5273797551180817,-0.44840843111236245,0.13821606236611927,0.39375592208224586,0.9207104731442322,0.2222222222222213,0
-0.5128199023573468,-0.9539286074581519,-1.0751738700395135,-1.4434384295468845,-0.35547601256196243,0.22853476845129134,2.329915771872194,-0.1913309632750057,-0.3542060160760158,-0.17578698088200229,0.6421361941942907,-0.6003924836242512,-0.06274558051381635,1.0554497978737503,0.19217504190529747,1.4152122907487477,0.39375592208224586,-1.2279693493534694,0.2222222222222213,0
-0.7766800216090083,-1.3243628128924088,-1.0751738700395135,-1.0468637753627565,0.17307432681588308,-2.5927455353383757,-0.7627777791907295,-0.8177486486982815,1.671798642569647,0.4811261871652891,0.8048881368635504,0.09236807440373093,-0.06274558051381635,0.17533305994763543,-0.44840843111236245,-1.138780166016509,0.39375592208224586,0.7286835840216714,0.2222222222222213,0
-1.0405401408606696,-0.08958212811155244,0.32636654944763377,-1.0468637753627565,-0.6197511822508852,-2.5927455353383757,-0.320964414753169,-0.8177486486982815,1.9723928055734545,0.4811261871652891,0.8048881368635504,-0.6003924836242512,-0.06274558051381635,0.17533305994763543,-0.7687001676211928,-1.138780166016509,0.39375592208224586,2.313410753201537,0.2222222222222213,0
-1.3044002601123312,0.40433014580079013,-0.13614178898312457,0.14286018718962776,-0.09120084287303969,1.6391749203461248,-0.6523244380813393,-0.8177486486982815,0.16882782755060932,0.4811261871652891,0.8048881368635504,2.863410306515659,-0.06274558051381635,0.17533305994763543,-1.4092836406388527,-1.138780166016509,-1.88823862634896,-1.9293728285695573,0.2222222222222213,0
0.542620574649299,-0.9539286074581519,-1.0751738700395135,0.5394348413737559,0.43734949650480587,0.9338548443987081,-0.10005773253438874,-0.8177486486982815,1.2810262306646971,-0.07206384908506122,1.672898497766266,3.5561708645436414,-0.06274558051381635,-0.7047836779784794,0.19217504190529747,-1.138780166016509,0.39375592208224586,0.0757921610049661,0.2222222222222213,0
-0.5128199023573468,-0.9539286074581519,-0.13614178898312457,0.5394348413737559,0.17307432681588308,-0.8322666257736232,-0.10005773253438874,-0.02048977634138517,0.16882782755060932,-0.07206384908506122,0.18100568996472163,-0.6003924836242512,-0.06274558051381635,-0.3527369828080332,1.1530502514317877,-1.138780166016509,0.39375592208224586,0.0757921610049661,0.2222222222222213,0
-1.0405401408606696,-1.5713189498485802,1.7279069689347817,-2.6331623920992686,-2.205402200384422,0.22853476845129134,1.6671957252158534,-0.14862066654160058,-1.3341429874684283,0.4811261871652891,-0.4700020807123155,-0.6003924836242512,-0.06274558051381635,-0.7047836779784794,0.19217504190529747,-1.6495786573695603,0.39375592208224586,0.0565894720927103,0.2222222222222213,0
-1.5682603793639927,-0.9539286074581519,-1.0751738700395135,0.7773796338842333,-1.1483015216287307,0.5783735261212104,-0.6523244380813393,-0.6469074617646607,1.070610316562032,0.36011586673552554,0.6692615179725009,0.785128632431713,-0.06274558051381635,-0.7047836779784794,0.19217504190529747,-1.138780166016509,0.39375592208224586,-1.206745324766238,0.2222222222222213,0
-1.5682603793639927,0.6512862827569614,0.08810467813481845,1.332584149742012,-0.8840263519398079,0.22853476845129134,-0.10005773253438874,-0.8177486486982815,2.1226898870753583,-0.5906795080697653,2.486658211112563,-0.6003924836242512,-0.06274558051381635,-0.7047836779784794,0.19217504190529747,-0.37258242898693206,0.39375592208224586,0.0757921610049661,0.2222222222222213,0
-0.24895978310568534,0.15737400884461883,0.7888748878783929,1.1739542880683613,0.17307432681588308,-0.47678530749612547,1.0044756785595126,-0.8177486486982815,-0.43236049845700575,-0.29679730131176707,2.0255277068829955,0.438748353417722,-0.06274558051381635,1.0554497978737503,0.19217504190529747,-0.11718318331040638,0.39375592208224586,0.9207104731442322,0.2222222222222213,0
-0.5128199023573468,-0.08958212811155244,-0.13614178898312457,-1.4434384295468845,-0.48761359740642385,0.22853476845129134,1.5567423841064632,-0.8177486486982815,-0.43236049845700575,0.4811261871652891,0.8048881368635504,-0.6003924836242512,-0.06274558051381635,1.0554497978737503,-1.0889919041300227,1.4152122907487477,-1.88823862634896,-0.5750779263367639,0.2222222222222213,0
0.014900336145976124,-1.0774066759362375,0.7888748878783929,-1.0468637753627565,-0.48761359740642385,1.6391749203461248,-1.20459114362829,-0.8177486486982815,-0.1317663354531982,0.49841337579811285,0.7777628130853401,2.170649748487677,-0.06274558051381635,1.0554497978737503,3.395092406993598,0.13821606236611927,0.39375592208224586,-0.5750779263367639,0.2222222222222213,0
-0.5128199023573468,0.6512862827569614,0.32636654944763377,1.332584149742012,0.43734949650480587,0.22853476845129134,-0.10005773253438874,-0.8177486486982815,2.1226898870753583,-0.5906795080697653,2.486658211112563,-0.6003924836242512,-0.06274558051381635,-0.7047836779784794,0.19217504190529747,-0.37258242898693206,0.39375592208224586,0.0757921610049661,0.2222222222222213,0
0.014900336145976124,-0.08958212811155244,-1.0751738700395135,-0.6502891211786284,-1.1483015216287307,0.22853476845129134,1.2253823607782928,-0.06320007307479031,-0.43236049845700575,-0.5906795080697653,1.049016050867439,-0.6003924836242512,-0.06274558051381635,1.0554497978737503,-0.44840843111236245,1.4152122907487477,2.6757504705134516,-0.5750779263367639,0.2222222222222213,0
-0.7766800216090083,-0.9539286074581519,-1.0751738700395135,0.3808049797001052,0.17307432681588308,-1.1821053834435422,0.12084894968439151,-0.8177486486982815,1.671798642569647,1.120752166579758,-0.19874884293021652,1.1315089114457042,-0.06274558051381635,0.17533305994763543,-0.12811669460353248,0.13821606236611927,0.39375592208224586,-1.2279693493534694,0.2222222222222213,0
0.27876045539763755,-0.2130601965896381,2.19041530736554,-0.6502891211786284,1.230175005571574,-0.47678530749612547,-0.6523244380813393,4.093935475643312,0.46942199055441686,-2.1638136736567013,-4.40317402855275,-0.6003924836242512,-0.06274558051381635,0.17533305994763543,-0.7687001676211928,1.4152122907487477,0.39375592208224586,-1.1875426358539822,-4.499999999999998,0
0.014900336145976124,-0.8304505389800663,-0.13614178898312457,-0.9675488445259312,-0.09120084287303969,-0.47678530749612547,-0.9836844614095097,0.2642455352146492,-1.00348940816424,-0.29679730131176707,-0.06312222403916705,-0.6003924836242512,-0.06274558051381635,0.17533305994763543,-0.7687001676211928,-0.11718318331040638,0.39375592208224586,2.311389417526562,0.2222222222222213,0
-0.24895978310568534,-0.3365382650677237,-1.0751738700395135,-0.25371446699450034,-0.35547601256196243,0.9338548443987081,-0.10005773253438874,-0.3052250878974195,0.6197190720563206,0.7231468280248187,-0.5513780520469445,-0.6003924836242512,-0.06274558051381635,0.17533305994763543,0.19217504190529747,-1.138780166016509,0.39375592208224586,-1.8788394366951993,-4.499999999999998,0
0.542620574649299,-1.3243628128924088,-0.6126655316087548,-0.25371446699450034,1.230175005571574,0.22853476845129134,-0.10005773253438874,-0.8177486486982815,1.1698063903532885,0.4811261871652891,0.8048881368635504,2.170649748487677,-0.06274558051381635,1.0554497978737503,0.19217504190529747,-0.37258242898693206,0.39375592208224586,0.7286835840216714,0.2222222222222213,0
-0.5128199023573468,-0.8304505389800663,-1.0751738700395135,-1.0468637753627565,-1.2804391064731921,-0.47678530749612547,-1.20459114362829,0.3923764254148647,-1.00348940816424,-0.4869563762728243,0.01825374729546187,0.09236807440373093,-0.06274558051381635,0.17533305994763543,-0.12811669460353248,-0.11718318331040638,0.39375592208224586,1.4462577486375536,0.2222222222222213,0
-0.5128199023573468,1.3921546936254752,-0.6126655316087548,0.6187497722105826,-0.09120084287303969,-0.8322666257736232,-0.6523244380813393,-0.034726541919186844,-0.1317663354531982,-0.17578698088200229,0.3437576326339814,-0.6003924836242512,-0.06274558051381635,-1.4088770683193712,1.7936337244494476,-1.138780166016509,0.39375592208224586,0.07781349667994145,0.2222222222222213,0
-0.5128199023573468,0.40433014580079013,-1.0751738700395135,0.06354525635280242,-0.09120084287303969,-1.1821053834435422,0.34175563190317176,-0.006253010763583377,-0.32414659977563504,0.1353824145088197,-0.3615007855994763,-0.6003924836242512,-0.06274558051381635,0.17533305994763543,0.5124667784141278,0.13821606236611927,0.39375592208224586,0.0565894720927103,0.2222222222222213,0
0.8064806939009604,-0.9539286074581519,-0.6126655316087548,1.0153244263947105,-2.7339525397622673,0.22853476845129134,-1.20459114362829,0.3069558319480545,-1.0936676570653823,0.03165928271187985,-0.605628699603365,-0.6003924836242512,-0.06274558051381635,-1.2328537207341483,-0.7687001676211928,-0.37258242898693206,0.39375592208224586,0.05557880425522406,0.2222222222222213,0
1.070340813152622,0.40433014580079013,-0.13614178898312457,-0.25371446699450034,-1.1483015216287307,-0.47678530749612547,3.213542500747315,-0.33369861905302295,-0.7329546614608133,0.1353824145088197,0.42513360396861033,-0.6003924836242512,-0.06274558051381635,-2.465017153830709,-1.7295753771476827,2.692208519131376,0.39375592208224586,0.09196284640476028,0.2222222222222213,0
0.542620574649299,-1.0774066759362375,-0.13614178898312457,0.5394348413737559,1.230175005571574,0.22853476845129134,0.23130229079378165,0.8194793927489163,-0.5826575799589095,-0.6771154512338827,-0.4971274044905258,-0.6003924836242512,-0.06274558051381635,0.17533305994763543,0.19217504190529747,0.9044137993956963,0.39375592208224586,0.6882568705221845,0.2222222222222213,0
-1.5682603793639927,0.6512862827569614,-1.0751738700395135,-0.49165925950497774,1.0980374207271129,0.9338548443987081,-1.20459114362829,-0.8177486486982815,0.9203132350601282,0.4811261871652891,0.8048881368635504,3.5561708645436414,-0.06274558051381635,-1.5849004159045943,-1.0889919041300227,-1.138780166016509,0.39375592208224586,-1.221905342328546,0.2222222222222213,0
-0.5128199023573468,1.6391108305816464,-1.0751738700395135,0.5394348413737559,-0.35547601256196243,0.5783735261212104,-0.8732311203001196,-0.1343839009637989,-0.026558378401865586,0.6021365075950539,-0.6870046709379939,0.438748353417722,-0.06274558051381635,-0.7047836779784794,-0.7687001676211928,-1.138780166016509,0.39375592208224586,0.7286835840216714,0.2222222222222213,0
-0.5128199023573468,-0.9539286074581519,1.0271367591912073,0.9360094955578839,-0.8840263519398079,-0.47678530749612547,-1.20459114362829,0.47779701888167503,0.46942199055441686,0.1353824145088197,-1.1210098513893525,0.785128632431713,-0.06274558051381635,0.17533305994763543,-1.4092836406388527,0.13821606236611927,0.39375592208224586,0.0757921610049661,0.2222222222222213,0
-0.7766800216090083,2.3799792414501604,1.7279069689347817,-0.25371446699450034,-1.8089894458510376,0.22853476845129134,-0.6523244380813393,-0.04896330749698851,-1.033548824464621,-0.29679730131176707,0.5336348990814515,-0.6003924836242512,-0.06274558051381635,-0.17671363522281083,-0.12811669460353248,1.4152122907487477,0.39375592208224586,0.7711316331961309,0.2222222222222213,0
1.070340813152622,-0.7069724705019806,-0.13614178898312457,0.14286018718962776,0.04093674197142169,-0.47678530749612547,-1.20459114362829,1.5597912027946057,0.018530746048705544,-0.29679730131176707,-1.0667592038329339,0.785128632431713,-0.06274558051381635,0.17533305994763543,0.19217504190529747,-0.11718318331040638,0.39375592208224586,-0.5750779263367639,0.2222222222222213,0
-1.832120498615654,-1.2008847444143231,-0.13614178898312457,1.792610748595599,0.17307432681588308,0.22853476845129134,2.109009089653414,-0.33369861905302295,-1.0636082407650016,0.1353824145088197,0.42513360396861033,-0.6003924836242512,-0.06274558051381635,1.0554497978737503,0.19217504190529747,0.13821606236611927,0.39375592208224586,0.0565894720927103,0.2222222222222213,0
1.070340813152622,-0.2130601965896381,-1.0751738700395135,0.2221751180264531,-0.6197511822508852,0.22853476845129134,-0.7627777791907295,-0.8177486486982815,-0.5826575799589095,0.4811261871652891,0.8048881368635504,-0.6003924836242512,-0.06274558051381635,0.17533305994763543,2.4342171974671074,-0.37258242898693206,0.39375592208224586,0.09802685342968347,0.2222222222222213,0
0.542620574649299,-0.7069724705019806,0.32636654944763377,-0.25371446699450034,-0.35547601256196243,1.6391749203461248,-0.10005773253438874,0.32119259752585616,0.9203132350601282,0.2563927349385845,-1.0125085562765135,-0.6003924836242512,-0.06274558051381635,0.17533305994763543,0.19217504190529747,0.13821606236611927,0.39375592208224586,0.9207104731442322,0.2222222222222213,0
-1.0405401408606696,0.6512862827569614,-1.0751738700395135,-0.25371446699450034,0.17307432681588308,0.5783735261212104,1.0044756785595126,0.4066131909926664,0.7700161535582244,-0.3832332444758844,-0.17162351915200624,2.170649748487677,-0.06274558051381635,-1.2328537207341483,0.19217504190529747,-1.138780166016509,0.39375592208224586,-0.5750779263367639,0.2222222222222213,0
1.8619211709076062,1.2686766251473895,0.32636654944763377,-1.0468637753627565,0.83376225103819,0.22853476845129134,2.109009089653414,-0.3194618534752212,-0.5525981636585288,0.1353824145088197,0.39800828019040196,0.09236807440373093,-0.06274558051381635,1.0554497978737503,0.19217504190529747,-0.6279816746634577,0.39375592208224586,-1.8384127231957124,0.2222222222222213,0
-0.7766800216090083,-0.8304505389800663,0.32636654944763377,-0.25371446699450034,0.83376225103819,0.22853476845129134,0.34175563190317176,-0.8177486486982815,-1.3341429874684283,1.120752166579758,-0.19874884293021652,-0.6003924836242512,-0.06274558051381635,0.703403102703304,0.19217504190529747,-1.6495786573695603,0.39375592208224586,0.05557880425522406,0.2222222222222213,0
2.1257812901592676,-0.9539286074581519,-1.0751738700395135,0.5394348413737559,-1.4125766913176536,0.22853476845129134,-0.10005773253438874,1.3889500158609853,-0.282063416955102,-1.299454242015528,-0.6327540233815753,-0.6003924836242512,-0.06274558051381635,1.0554497978737503,0.19217504190529747,0.9044137993956963,0.39375592208224586,0.7590036191462844,0.2222222222222213,0
-0.5128199023573468,1.145198556669304,-1.0751738700395135,-0.25371446699450034,0.17307432681588308,-0.47678530749612547,2.109009089653414,-0.8177486486982815,-1.3341429874684283,0.4811261871652891,0.8048881368635504,-0.6003924836242512,-0.06274558051381635,1.0554497978737503,-1.0889919041300227,-0.11718318331040638,0.39375592208224586,0.05153613290527336,0.2222222222222213,0
0.8064806939009604,0.40433014580079013,2.19041530736554,0.7773796338842333,1.4944501752604968,0.22853476845129134,0.7835689963407323,-0.8177486486982815,-0.1317663354531982,1.120752166579758,0.07250439485188244,-0.6003924836242512,-0.06274558051381635,0.8794264502885272,0.5124667784141278,-0.37258242898693206,-1.88823862634896,-0.5750779263367639,0.2222222222222213,0
-0.5128199023573468,0.8982424197131327,-1.0751738700395135,0.14286018718962776,0.7016246661937287,-1.887425459390959,-0.6523244380813393,0.46356025330387335,0.46942199055441686,-0.5561051308041192,-0.008871576482746482,1.1315089114457042,-0.06274558051381635,1.0554497978737503,0.5124667784141278,0.13821606236611927,0.39375592208224586,0.0565894720927103,0.2222222222222213,0
-0.30173180695601765,0.8982424197131327,-0.6126655316087548,0.5394348413737559,-0.09120084287303969,-1.1821053834435422,-0.6523244380813393,-0.8177486486982815,-0.1317663354531982,0.4811261871652891,0.8048881368635504,1.1315089114457042,-0.06274558051381635,0.17533305994763543,0.19217504190529747,-0.11718318331040638,0.39375592208224586,0.0565894720927103,0.2222222222222213,0
-0.5128199023573468,-0.08958212811155244,-1.0751738700395135,0.5394348413737559,-1.4125766913176536,0.5783735261212104,-0.10005773253438874,-0.8177486486982815,1.671798642569647,0.4811261871652891,0.8048881368635504,2.170649748487677,-0.06274558051381635,0.17533305994763543,1.7936337244494476,-0.37258242898693206,0.39375592208224586,0.0565894720927103,0.2222222222222213,0
1.5980610516559448,0.28085207732270445,0.32636654944763377,-0.49165925950497774,-1.1483015216287307,0.22853476845129134,2.109009089653414,2.0580779980176658,-0.883251742962717,-2.4231215031490536,-0.11737287159558761,0.438748353417722,-0.06274558051381635,1.0554497978737503,0.19217504190529747,1.4152122907487477,-1.88823862634896,1.6686046728847272,0.2222222222222213,0
0.542620574649299,1.3921546936254752,1.7279069689347817,0.06354525635280242,2.551550854016188,0.22853476845129134,-0.6523244380813393,0.6913485025487008,-0.282063416955102,-1.3686029965468216,0.8320134606417587,-0.6003924836242512,-0.06274558051381635,0.703403102703304,1.1530502514317877,-0.37258242898693206,0.39375592208224586,1.4462577486375536,0.2222222222222213,0
-1.0405401408606696,-0.8304505389800663,0.32636654944763377,0.5394348413737559,0.17307432681588308,1.6391749203461248,0.12084894968439151,0.17882494174783894,-1.3341429874684283,0.36011586673552554,-0.9040072611636742,-0.6003924836242512,-0.06274558051381635,1.0554497978737503,0.19217504190529747,-1.6495786573695603,0.39375592208224586,0.05557880425522406,0.2222222222222213,0
0.014900336145976124,0.40433014580079013,1.2653986305040226,-0.25371446699450034,2.8158260237051107,0.22853476845129134,0.23130229079378165,-0.4903030404088419,0.46942199055441686,0.1353824145088197,0.7235121655289195,-0.6003924836242512,-0.06274558051381635,0.6153914289106929,-0.12811669460353248,-0.37258242898693206,-1.88823862634896,0.8196436893955164,0.2222222222222213,0
-0.5128199023573468,-1.4478408813704944,-1.0751738700395135,-0.25371446699450034,0.04093674197142169,0.22853476845129134,-1.20459114362829,0.8621896894823216,0.46942199055441686,-1.2130182988514107,0.2623816612993525,-0.6003924836242512,-0.06274558051381635,0.17533305994763543,0.19217504190529747,1.4152122907487477,0.39375592208224586,0.0757921610049661,0.2222222222222213,0
1.5980610516559448,1.145198556669304,-0.13614178898312457,-1.0468637753627565,-0.35547601256196243,-1.887425459390959,-0.10005773253438874,0.6486382058152959,0.16882782755060932,-0.7808385830308238,-0.03599690026095676,1.1315089114457042,-0.06274558051381635,0.3513564075328585,0.5124667784141278,1.4152122907487477,0.39375592208224586,0.09196284640476028,0.2222222222222213,0
0.014900336145976124,-1.2008847444143231,-1.0751738700395135,-0.25371446699450034,-0.09120084287303969,0.22853476845129134,-1.20459114362829,1.2608191256607695,-0.1317663354531982,-1.299454242015528,-0.3615007855994763,-0.6003924836242512,-0.06274558051381635,0.17533305994763543,0.19217504190529747,-0.11718318331040638,0.39375592208224586,-0.5750779263367639,0.2222222222222213,0
-0.5128199023573468,1.3921546936254752,-1.0751738700395135,-0.3330293978313257,0.17307432681588308,-1.1821053834435422,-0.320964414753169,-0.33369861905302295,1.3802223044559536,0.1353824145088197,0.42513360396861033,0.09236807440373093,-0.06274558051381635,0.17533305994763543,-1.0889919041300227,-0.37258242898693206,0.39375592208224586,-0.5750779263367639,0.2222222222222213,0
-1.3044002601123312,0.40433014580079013,3.129447388421929,0.14286018718962776,-0.09120084287303969,1.6391749203461248,-0.6523244380813393,-0.8177486486982815,0.16882782755060932,0.4811261871652891,0.8048881368635504,2.863410306515659,-0.06274558051381635,-1.7609237634898174,-0.44840843111236245,-1.138780166016509,-1.88823862634896,0.07174948965501826,0.2222222222222213,0
2.1257812901592676,1.145198556669304,-0.13614178898312457,-0.6502891211786284,0.17307432681588308,-2.5927455353383757,0.7835689963407323,1.4316603125943905,0.16882782755060932,-1.1265823556872931,-0.9853832324983032,-0.6003924836242512,-0.06274558051381635,0.8794264502885272,-0.7687001676211928,1.4152122907487477,0.39375592208224586,0.09196284640476028,0.2222222222222213,0
-0.5128199023573468,-1.2008847444143231,-0.6126655316087548,-1.0468637753627565,0.04093674197142169,0.22853476845129134,-1.20459114362829,-0.8177486486982815,-0.9433705755634786,0.9824546575171708,0.01825374729546187,1.1315089114457042,-0.06274558051381635,1.2314731454589734,2.754508933975938,-0.37258242898693206,-2.8010364457214423,-1.201691985578801,0.2222222222222213,0
-1.5682603793639927,0.8982424197131327,2.19041530736554,0.4601199105369305,0.30521191166034445,-0.47678530749612547,-0.10005773253438874,-0.8177486486982815,0.9203132350601282,1.120752166579758,-0.19874884293021652,2.863410306515659,-0.06274558051381635,0.17533305994763543,0.19217504190529747,-1.138780166016509,-1.88823862634896,-2.5964136013110815,0.2222222222222213,0
0.014900336145976124,0.40433014580079013,-0.6126655316087548,-0.808918982852279,-1.5447142761621149,0.22853476845129134,1.5567423841064632,0.9333735173713302,-1.274024154867667,-0.7808385830308238,-0.5785033758251547,-0.6003924836242512,-0.06274558051381635,1.0554497978737503,-1.0889919041300227,-1.6495786573695603,-1.88823862634896,0.8196436893955164,0.2222222222222213,0
-0.5128199023573468,-1.0774066759362375,0.7888748878783929,0.5394348413737559,-0.09120084287303969,-0.47678530749612547,-1.20459114362829,-0.8177486486982815,-0.883251742962717,1.120752166579758,-0.19874884293021652,-0.6003924836242512,-0.06274558051381635,0.17533305994763543,0.19217504190529747,1.4152122907487477,0.39375592208224586,0.6882568705221845,0.2222222222222213,0
-1.5682603793639927,0.8982424197131327,2.6669390499911705,-0.25371446699450034,2.2872756843272652,0.22853476845129134,-0.10005773253438874,-0.8177486486982815,1.3712044795658396,0.4811261871652891,0.8048881368635504,1.4778891904596951,-0.06274558051381635,1.0554497978737503,-0.6085542993667776,-1.138780166016509,-1.88823862634896,-0.5750779263367639,0.2222222222222213,0
0.542620574649299,1.2686766251473895,0.7888748878783929,-1.7606981528941874,-1.1483015216287307,0.22853476845129134,-0.6523244380813393,2.2716294816846916,0.7700161535582244,-2.4749830690475236,-0.4428767569341052,1.1315089114457042,-0.06274558051381635,0.17533305994763543,-0.44840843111236245,-1.138780166016509,-1.88823862634896,0.47601662464988176,0.2222222222222213,0
0.542620574649299,-0.08958212811155244,-1.0751738700395135,0.14286018718962776,-0.6197511822508852,0.22853476845129134,2.9926358185285347,-0.1343839009637989,-1.274024154867667,0.6021365075950539,-0.6870046709379939,0.438748353417722,-0.06274558051381635,1.0554497978737503,0.19217504190529747,1.4152122907487477,0.39375592208224586,0.7286835840216714,0.2222222222222213,0
0.014900336145976124,0.40433014580079013,1.2653986305040226,0.14286018718962776,-0.6197511822508852,-0.8322666257736232,1.0044756785595126,0.6771117369708991,1.2209073980639358,-0.5906795080697653,-0.38862610937768655,0.09236807440373093,-0.06274558051381635,0.17533305994763543,2.754508933975938,-1.138780166016509,0.39375592208224586,0.7286835840216714,0.2222222222222213,0
-0.5128199023573468,-0.2130601965896381,-0.6126655316087548,-0.01576967448402292,-0.6197511822508852,1.6391749203461248,0.34175563190317176,-0.8177486486982815,0.46942199055441686,1.120752166579758,-0.19874884293021652,-0.6003924836242512,-0.06274558051381635,-0.3527369828080332,0.19217504190529747,0.13821606236611927,0.39375592208224586,-0.5750779263367639,0.2222222222222213,0
0.014900336145976124,0.5278082142788757,0.32636654944763377,0.6187497722105826,0.43734949650480587,0.22853476845129134,-0.10005773253438874,-0.8177486486982815,1.671798642569647,0.4811261871652891,0.8048881368635504,-0.6003924836242512,-0.06274558051381635,-0.7047836779784794,-0.44840843111236245,-1.138780166016509,2.6757504705134516,-1.8384127231957124,0.2222222222222213,0
-0.7766800216090083,2.3799792414501604,0.7888748878783929,-0.3330293978313257,-1.941127030695499,0.22853476845129134,-0.320964414753169,-0.33369861905302295,-1.033548824464621,0.2563927349385845,0.2352563375211422,-0.6003924836242512,-0.06274558051381635,0.17533305994763543,0.19217504190529747,1.4152122907487477,0.39375592208224586,0.8176223537205409,0.2222222222222213,0
-0.5128199023573468,-0.9539286074581519,-0.13614178898312457,0.5394348413737559,2.2872756843272652,1.6391749203461248,-0.320964414753169,-0.8177486486982815,-1.033548824464621,0.4811261871652891,0.8048881368635504,0.09236807440373093,-0.06274558051381635,1.0554497978737503,-0.44840843111236245,1.4152122907487477,0.39375592208224586,0.05557880425522406,0.2222222222222213,0
-0.5128199023573468,1.6391108305816464,-0.6126655316087548,-0.25371446699450034,0.43734949650480587,0.22853476845129134,0.010395608575001386,-0.8177486486982815,1.671798642569647,0.6885724507591713,0.4793842515250309,0.438748353417722,-0.06274558051381635,0.17533305994763543,0.19217504190529747,-1.138780166016509,0.39375592208224586,0.7711316331961309,0.2222222222222213,0
-1.5682603793639927,0.8982424197131327,0.7888748878783929,0.7773796338842333,-0.09120084287303969,-0.47678530749612547,-0.10005773253438874,-0.8177486486982815,0.9203132350601282,0.4811261871652891,0.8048881368635504,2.863410306515659,-0.06274558051381635,0.17533305994763543,0.19217504190529747,-1.138780166016509,-1.88823862634896,-2.5964136013110815,0.2222222222222213,0
1.5980610516559448,0.28085207732270445,0.7888748878783929,0.9360094955578839,1.230175005571574,0.22853476845129134,2.6612757952003645,2.328576543995899,-0.883251742962717,-2.595993389477288,-0.3615007855994763,-0.6003924836242512,-0.06274558051381635,1.0554497978737503,-0.44840843111236245,1.4152122907487477,-1.88823862634896,0.45580326790013687,0.2222222222222213,0
0.27876045539763755,1.145198556669304,1.7279069689347817,-0.6502891211786284,-0.6197511822508852,0.5783735261212104,-1.20459114362829,0.4066131909926664,-0.7329546614608133,-0.3832332444758844,-0.17162351915200624,-0.6003924836242512,-0.06274558051381635,-0.7047836779784794,1.7936337244494476,0.13821606236611927,0.39375592208224586,1.4462577486375536,0.2222222222222213,0
0.27876045539763755,1.762588899059732,-1.0751738700395135,-1.0468637753627565,0.17307432681588308,-1.1821053834435422,-0.4314177558625591,0.8194793927489163,-0.3572119577060539,-0.6771154512338827,-0.4971274044905258,0.438748353417722,-0.06274558051381635,1.0554497978737503,-0.12811669460353248,-0.11718318331040638,0.39375592208224586,0.0565894720927103,0.2222222222222213,0
-0.5128199023573468,-0.46001633354580934,-1.0751738700395135,-0.25371446699450034,-0.48761359740642385,0.22853476845129134,-0.6523244380813393,-0.8177486486982815,0.7700161535582244,0.8787315257202297,0.18100568996472163,-0.6003924836242512,-0.06274558051381635,-0.0006902876375877001,0.5124667784141278,-0.37258242898693206,0.39375592208224586,-1.201691985578801,0.2222222222222213,0
1.3342009324042834,0.28085207732270445,1.2653986305040226,-0.6502891211786284,-1.1483015216287307,-0.47678530749612547,2.9926358185285347,2.0580779980176658,-0.7329546614608133,-2.4231215031490536,-0.11737287159558761,0.438748353417722,-0.06274558051381635,1.0554497978737503,0.19217504190529747,1.4152122907487477,-1.88823862634896,0.47601662464988176,0.2222222222222213,0
-1.5682603793639927,0.6512862827569614,1.2653986305040226,-0.49165925950497774,0.5694870813492672,1.6391749203461248,-0.10005773253438874,0.7198220337043044,-0.7329546614608133,-0.3832332444758844,-0.7412553184944144,-0.6003924836242512,15.937377450509352,0.3513564075328585,0.8327585149229574,1.4152122907487477,-1.88823862634896,-0.5750779263367639,0.2222222222222213,0
2.917361647914252,0.40433014580079013,-1.0751738700395135,-0.6502891211786284,0.43734949650480587,0.22853476845129134,2.109009089653414,-0.5045398059866436,0.16882782755060932,0.1180952258759972,0.9133894319763896,-0.6003924836242512,-0.06274558051381635,1.0554497978737503,-0.12811669460353248,1.4152122907487477,-2.8010364457214423,-0.5750779263367639,0.2222222222222213,0
1.3342009324042834,0.40433014580079013,1.2653986305040226,0.6980647030474065,0.04093674197142169,-1.1821053834435422,-0.8732311203001196,1.8872368110840454,-1.033548824464621,-1.455038939710939,-1.3108871178368227,1.1315089114457042,-0.06274558051381635,1.0554497978737503,0.19217504190529747,-0.6279816746634577,-1.88823862634896,-1.9293728285695573,0.2222222222222213,0
0.542620574649299,-0.9539286074581519,0.32636654944763377,1.332584149742012,1.0980374207271129,0.5783735261212104,0.4522089730125619,-0.8177486486982815,1.3712044795658396,0.4811261871652891,0.8048881368635504,-0.6003924836242512,-0.06274558051381635,-1.93694711107504,-0.7687001676211928,-1.138780166016509,0.39375592208224586,0.0757921610049661,0.2222222222222213,0
1.5980610516559448,1.145198556669304,-0.6126655316087548,-0.25371446699450034,0.17307432681588308,0.22853476845129134,2.7717291363097547,1.2181088289273647,-1.3942618200691899,-1.455038939710939,-0.03599690026095676,-0.6003924836242512,-0.06274558051381635,1.0554497978737503,0.19217504190529747,0.9044137993956963,0.39375592208224586,0.7185769056468004,0.2222222222222213,0
1.5980610516559448,-0.08958212811155244,-0.6126655316087548,-0.6502891211786284,-1.1483015216287307,0.22853476845129134,1.5567423841064632,1.4031867814387866,-0.5826575799589095,-1.7662083351017621,0.07250439485188244,0.09236807440373093,-0.06274558051381635,0.17533305994763543,0.19217504190529747,1.4152122907487477,0.39375592208224586,-0.5750779263367639,0.2222222222222213,0
-0.5128199023573468,-0.9539286074581519,-0.13614178898312457,0.8566945647210572,0.04093674197142169,-2.2429067776684573,0.4522089730125619,-0.7465648208092728,1.671798642569647,0.6021365075950539,0.4793842515250309,-0.42720234411725566,-0.06274558051381635,0.3513564075328585,0.5124667784141278,0.13821606236611927,0.39375592208224586,-1.2279693493534694,0.2222222222222213,0
2.1257812901592676,-0.9539286074581519,0.7888748878783929,0.5394348413737559,-0.48761359740642385,1.6391749203461248,0.12084894968439151,2.413997137462709,-0.282063416955102,-1.8180699010002321,-1.7448922982881805,-0.6003924836242512,-0.06274558051381635,1.0554497978737503,0.19217504190529747,0.9044137993956963,0.39375592208224586,0.7711316331961309,0.2222222222222213,0
-0.5128199023573468,-0.08958212811155244,0.32636654944763377,-1.8400130837310127,-0.6197511822508852,-2.5927455353383757,-0.6523244380813393,-0.8177486486982815,1.9723928055734545,0.4811261871652891,0.8048881368635504,0.09236807440373093,-0.06274558051381635,0.17533305994763543,-1.4092836406388527,-1.138780166016509,0.39375592208224586,2.313410753201537,0.2222222222222213,0
0.542620574649299,-1.3243628128924088,-0.13614178898312457,1.1739542880683613,-0.35547601256196243,-1.5319441411134609,-0.320964414753169,0.4066131909926664,-1.1327448982558774,-0.3832332444758844,-0.17162351915200624,1.1315089114457042,-0.06274558051381635,0.17533305994763543,-0.44840843111236245,1.4152122907487477,0.39375592208224586,0.20717897987829786,0.2222222222222213,0
-0.5128199023573468,0.40433014580079013,-1.0751738700395135,0.3808049797001052,-0.35547601256196243,-1.1821053834435422,0.7835689963407323,-0.02048977634138517,-0.32414659977563504,-0.07206384908506122,0.18100568996472163,-0.6003924836242512,-0.06274558051381635,0.17533305994763543,1.7936337244494476,0.13821606236611927,0.39375592208224586,0.0565894720927103,0.2222222222222213,0
0.014900336145976124,0.40433014580079013,0.7888748878783929,-0.412344328668151,-1.1483015216287307,0.22853476845129134,2.109009089653414,1.0330308764159422,-1.274024154867667,-0.29679730131176707,-1.5278897080625011,-0.6003924836242512,-0.06274558051381635,1.0554497978737503,-0.12811669460353248,-1.6495786573695603,-1.88823862634896,0.8196436893955164,0.2222222222222213,0
-0.30173180695601765,-0.8304505389800663,0.32636654944763377,-0.25371446699450034,0.17307432681588308,3.0498150722409583,-1.20459114362829,1.5597912027946057,-1.634737150472236,-1.2130182988514107,-1.0667592038329339,-0.6003924836242512,-0.06274558051381635,0.17533305994763543,-2.370158850165343,1.4152122907487477,0.39375592208224586,1.4462577486375536,0.2222222222222213,0
-1.5682603793639927,0.8982424197131327,2.6669390499911705,-0.25371446699450034,2.551550854016188,0.22853476845129134,-0.10005773253438874,-0.8177486486982815,1.3712044795658396,0.4811261871652891,0.8048881368635504,1.4778891904596951,-0.06274558051381635,-0.264725309015422,0.19217504190529747,-1.138780166016509,-1.88823862634896,-0.5750779263367639,0.2222222222222213,0
0.542620574649299,-0.7069724705019806,0.32636654944763377,-0.09508460532084967,-0.8840263519398079,1.6391749203461248,-0.6523244380813393,0.022220520392020087,0.9203132350601282,0.4811261871652891,-0.795505966050835,-0.6003924836242512,-0.06274558051381635,0.17533305994763543,0.19217504190529747,0.13821606236611927,0.39375592208224586,0.9207104731442322,0.2222222222222213,0
-2.0959806178673155,-1.5713189498485802,-0.6126655316087548,-1.0468637753627565,-1.1483015216287307,-0.47678530749612547,-0.6523244380813393,-0.8177486486982815,-0.7329546614608133,0.4811261871652891,0.8048881368635504,1.1315089114457042,-0.06274558051381635,-1.2328537207341483,-0.12811669460353248,-1.138780166016509,0.39375592208224586,0.05557880425522406,0.2222222222222213,0
-0.5128199023573468,-0.9539286074581519,1.0271367591912073,0.6187497722105826,-1.1483015216287307,-0.47678530749612547,-1.20459114362829,0.7625323304377094,0.46942199055441686,-0.07206384908506122,-1.338012441615033,0.785128632431713,-0.06274558051381635,-1.0568303731489253,-0.12811669460353248,0.13821606236611927,0.39375592208224586,0.0757921610049661,0.2222222222222213,0
-1.3571722839626634,-1.0774066759362375,-0.6126655316087548,0.5394348413737559,-1.1483015216287307,-0.47678530749612547,1.8881024074346335,-0.8177486486982815,-1.484440068970332,1.3627728074392864,-0.5785033758251547,-0.6003924836242512,-0.06274558051381635,1.0554497978737503,0.19217504190529747,-0.11718318331040638,0.39375592208224586,-0.5750779263367639,0.2222222222222213,0
-1.3044002601123312,0.6512862827569614,1.2653986305040226,-0.22991998774345315,0.04093674197142169,-2.2429067776684573,-0.320964414753169,-0.06320007307479031,1.2028717482837072,-0.5906795080697653,1.049016050867439,-0.6003924836242512,-0.06274558051381635,-1.0568303731489253,-1.4092836406388527,-1.138780166016509,0.39375592208224586,0.7286835840216714,0.2222222222222213,0
0.542620574649299,-0.583494402023895,0.32636654944763377,0.9360094955578839,-0.48761359740642385,0.22853476845129134,-0.10005773253438874,-0.8177486486982815,2.272986968577262,1.120752166579758,-0.19874884293021652,1.4778891904596951,-0.06274558051381635,0.17533305994763543,-1.0889919041300227,-1.138780166016509,0.39375592208224586,0.7731529688711062,0.2222222222222213,0
0.014900336145976124,0.774764351235047,-0.6126655316087548,-0.25371446699450034,1.230175005571574,-0.8322666257736232,-0.10005773253438874,0.6628749713930975,0.16882782755060932,-0.6771154512338827,-0.19874884293021652,-0.6003924836242512,-0.06274558051381635,0.17533305994763543,2.754508933975938,-1.138780166016509,0.39375592208224586,-0.5750779263367639,0.2222222222222213,0
-0.5128199023573468,-1.0774066759362375,-1.0751738700395135,-2.07795787624149,0.7016246661937287,-1.1821053834435422,0.12084894968439151,-0.8177486486982815,-0.282063416955102,1.120752166579758,-0.19874884293021652,-0.6003924836242512,-0.06274558051381635,0.17533305994763543,-0.12811669460353248,1.4152122907487477,0.39375592208224586,-0.5750779263367639,0.2222222222222213,0
-0.7766800216090083,0.6512862827569614,0.32636654944763377,-1.0468637753627565,0.43734949650480587,-0.47678530749612547,-0.320964414753169,-0.8177486486982815,-0.43236049845700575,0.4811261871652891,0.8048881368635504,0.09236807440373093,-0.06274558051381635,0.17533305994763543,-1.4092836406388527,1.4152122907487477,-1.88823862634896,-0.5750779263367639,0.2222222222222213,0
1.5980610516559448,-0.2130601965896381,0.7888748878783929,-0.3330293978313257,-0.22333842771750106,0.22853476845129134,-0.4314177558625591,-0.8177486486982815,-0.5826575799589095,0.4811261871652891,0.8048881368635504,-0.6003924836242512,-0.06274558051381635,0.17533305994763543,-0.7687001676211928,-0.37258242898693206,0.39375592208224586,0.09802685342968347,0.2222222222222213,0
-1.0405401408606696,-1.2008847444143231,-0.13614178898312457,1.062913384896805,-0.09120084287303969,0.22853476845129134,2.109009089653414,0.2642455352146492,-1.0636082407650016,-0.29679730131176707,-0.06312222403916705,-0.6003924836242512,-0.06274558051381635,1.0554497978737503,0.19217504190529747,0.13821606236611927,0.39375592208224586,0.7792169758960293,0.2222222222222213,0
-1.3044002601123312,-0.46001633354580934,-0.13614178898312457,0.6187497722105826,1.230175005571574,-2.2429067776684573,-0.320964414753169,-0.8177486486982815,1.037544958631613,1.120752166579758,-0.19874884293021652,-0.6003924836242512,-0.06274558051381635,-0.0006902876375877001,-0.44840843111236245,-1.138780166016509,0.39375592208224586,-0.5750779263367639,0.2222222222222213,0
0.542620574649299,-1.3243628128924088,0.32636654944763377,-0.25371446699450034,-0.8840263519398079,0.22853476845129134,-0.10005773253438874,-0.8177486486982815,1.1698063903532885,0.4811261871652891,0.8048881368635504,2.170649748487677,-0.06274558051381635,-1.5849004159045943,0.19217504190529747,-0.37258242898693206,0.39375592208224586,0.7286835840216714,0.2222222222222213,0
0.014900336145976124,-1.2008847444143231,-1.0751738700395135,0.6187497722105826,-0.6197511822508852,1.6391749203461248,-0.10005773253438874,-0.8177486486982815,-0.1317663354531982,1.120752166579758,-0.19874884293021652,-0.25401220461026014,-0.06274558051381635,0.17533305994763543,0.8327585149229574,-1.138780166016509,0.39375592208224586,0.7286835840216714,0.2222222222222213,0
2.6535015286625905,-0.9539286074581519,0.32636654944763377,2.205048388947095,-0.09120084287303969,-1.1821053834435422,-0.320964414753169,1.2323455945051662,0.8451646943091763,-1.3686029965468216,-0.19874884293021652,1.1315089114457042,-0.06274558051381635,1.0554497978737503,-0.12811669460353248,-0.37258242898693206,0.39375592208224586,-0.5750779263367639,0.2222222222222213,0
1.070340813152622,-0.583494402023895,0.32636654944763377,-0.25371446699450034,0.17307432681588308,0.22853476845129134,-1.20459114362829,0.12187787943663203,0.16882782755060932,-0.193074169514826,0.07250439485188244,-0.6003924836242512,-0.06274558051381635,0.17533305994763543,-0.7687001676211928,-0.11718318331040638,0.39375592208224586,0.4355899111503948,0.2222222222222213,0
0.7537086700506282,-1.3243628128924088,0.32636654944763377,0.5394348413737559,-0.48761359740642385,-2.2429067776684573,-0.10005773253438874,-0.02048977634138517,-1.1327448982558774,-0.07206384908506122,0.15388036618651135,-0.6003924836242512,-0.06274558051381635,0.17533305994763543,1.1530502514317877,1.4152122907487477,0.39375592208224586,1.0541186276925365,0.2222222222222213,0
-0.7766800216090083,-0.8304505389800663,-1.0751738700395135,0.5394348413737559,1.4944501752604968,0.22853476845129134,-0.320964414753169,2.0296044668620628,0.6197190720563206,-1.9045058441643494,-0.8768819373854639,-0.6003924836242512,-0.06274558051381635,-0.0006902876375877001,-0.44840843111236245,0.13821606236611927,0.39375592208224586,0.9207104731442322,0.2222222222222213,0
-0.5128199023573468,-0.583494402023895,-0.13614178898312457,0.9360094955578839,-1.4125766913176536,0.9338548443987081,-0.6523244380813393,-0.8177486486982815,-0.43236049845700575,0.4811261871652891,0.8048881368635504,-0.6003924836242512,-0.06274558051381635,-2.465017153830709,0.19217504190529747,-0.37258242898693206,0.39375592208224586,0.0565894720927103,0.2222222222222213,0
0.22598843154730527,-0.9539286074581519,-0.13614178898312457,0.5394348413737559,0.17307432681588308,-0.8322666257736232,-0.10005773253438874,0.47779701888167503,1.671798642569647,-0.9537104693590585,0.5878855466378701,-0.6003924836242512,-0.06274558051381635,0.17533305994763543,0.5124667784141278,-1.138780166016509,0.39375592208224586,0.0565894720927103,0.2222222222222213,0
-0.5128199023573468,-0.2130601965896381,-0.6126655316087548,1.1739542880683613,-0.09120084287303969,1.2893361626762059,-0.10005773253438874,-0.8177486486982815,0.46942199055441686,1.120752166579758,-0.19874884293021652,-0.6003924836242512,-0.06274558051381635,-0.0006902876375877001,-0.12811669460353248,0.13821606236611927,0.39375592208224586,-0.5750779263367639,0.2222222222222213,0
-0.5128199023573468,0.6512862827569614,0.7888748878783929,-0.01576967448402292,0.9658998358826514,0.5783735261212104,0.12084894968439151,-0.8177486486982815,0.9203132350601282,0.4811261871652891,0.8048881368635504,3.5561708645436414,-0.06274558051381635,-0.3527369828080332,-0.44840843111236245,-1.138780166016509,-1.88823862634896,-0.5750779263367639,0.2222222222222213,0
1.3342009324042834,0.03389594036653319,0.7888748878783929,-0.09508460532084967,-1.1483015216287307,-0.47678530749612547,-0.6523244380813393,0.7625323304377094,0.018530746048705544,-0.9537104693590585,0.04537907107367215,0.438748353417722,-0.06274558051381635,0.17533305994763543,-0.44840843111236245,-0.11718318331040638,-4.170233174780166,-0.5750779263367639,0.2222222222222213,0
-1.5682603793639927,0.40433014580079013,0.7888748878783929,1.1739542880683613,-1.0161639367842694,0.22853476845129134,-0.6523244380813393,1.7448691553060283,0.46942199055441686,-1.9045058441643494,-0.3615007855994763,-0.6003924836242512,-0.06274558051381635,0.17533305994763543,-0.12811669460353248,0.13821606236611927,-1.88823862634896,0.8196436893955164,0.2222222222222213,0
0.542620574649299,-0.08958212811155244,-1.0751738700395135,0.3014900488632784,1.4944501752604968,0.22853476845129134,2.109009089653414,-0.8177486486982815,-1.274024154867667,1.120752166579758,-0.19874884293021652,-0.6003924836242512,-0.06274558051381635,1.0554497978737503,1.313196119686203,1.4152122907487477,0.39375592208224586,0.7286835840216714,0.2222222222222213,0
0.014900336145976124,0.6512862827569614,0.7888748878783929,-0.3330293978313257,0.83376225103819,1.6391749203461248,-0.10005773253438874,1.6452117962614163,-0.7329546614608133,-1.3686029965468216,-0.9853832324983032,-0.6003924836242512,-0.06274558051381635,0.703403102703304,0.19217504190529747,1.4152122907487477,-1.88823862634896,-0.5750779263367639,0.2222222222222213,0
-0.5128199023573468,-1.0774066759362375,0.7888748878783929,0.14286018718962776,-1.941127030695499,-0.47678530749612547,-1.20459114362829,0.6771117369708991,-0.883251742962717,-0.5906795080697653,-0.3615007855994763,-0.6003924836242512,-0.06274558051381635,-0.7047836779784794,-1.0889919041300227,1.4152122907487477,0.39375592208224586,0.6882568705221845,0.2222222222222213,0
-0.5128199023573468,1.3921546936254752,0.32636654944763377,0.6187497722105826,0.43734949650480587,0.5783735261212104,-0.10005773253438874,-0.006253010763583377,-0.1317663354531982,0.1353824145088197,-0.19874884293021652,2.863410306515659,-0.06274558051381635,-2.993087196586378,-1.4092836406388527,-1.138780166016509,0.39375592208224586,0.7387902623965424,0.2222222222222213,0
0.014900336145976124,0.8982424197131327,-1.0751738700395135,-0.25371446699450034,-0.48761359740642385,-0.47678530749612547,-1.20459114362829,0.6771117369708991,0.7700161535582244,-0.5906795080697653,-0.38862610937768655,-0.6003924836242512,-0.06274558051381635,0.17533305994763543,-0.7687001676211928,-0.37258242898693206,0.39375592208224586,0.0565894720927103,0.2222222222222213,0
0.014900336145976124,2.2565011729720745,-0.13614178898312457,0.2221751180264531,-0.8840263519398079,0.22853476845129134,-1.0941378025189,-0.02048977634138517,1.749953124950637,-0.07206384908506122,0.18100568996472163,-0.6003924836242512,-0.06274558051381635,0.791414776495916,0.5124667784141278,-1.138780166016509,0.39375592208224586,0.0757921610049661,0.2222222222222213,0
-1.0405401408606696,0.6512862827569614,-0.6126655316087548,0.5394348413737559,0.43734949650480587,-0.8322666257736232,-0.320964414753169,-0.02048977634138517,0.7700161535582244,0.03165928271187985,-0.008871576482746482,-0.6003924836242512,-0.06274558051381635,-1.2328537207341483,-1.7295753771476827,-1.138780166016509,0.39375592208224586,0.0565894720927103,0.2222222222222213,0
2.1257812901592676,1.2686766251473895,1.2653986305040226,-0.412344328668151,0.17307432681588308,-1.887425459390959,1.5567423841064632,1.958420638973054,-0.5525981636585288,-2.35397274861776,-0.03599690026095676,-0.6003924836242512,-0.06274558051381635,1.0554497978737503,0.19217504190529747,-0.6279816746634577,-1.88823862634896,0.47601662464988176,0.2222222222222213,0
0.542620574649299,-0.9539286074581519,-0.13614178898312457,0.5394348413737559,-0.48761359740642385,1.6391749203461248,-1.20459114362829,1.4316603125943905,-0.7329546614608133,-1.1265823556872931,-0.9582579087200929,-0.6003924836242512,-0.06274558051381635,0.17533305994763543,0.19217504190529747,0.9044137993956963,0.39375592208224586,0.0757921610049661,0.2222222222222213,0
-0.5128199023573468,0.40433014580079013,1.2653986305040226,-0.25371446699450034,-0.09120084287303969,0.22853476845129134,-1.20459114362829,-0.8177486486982815,1.9723928055734545,0.8787315257202297,0.18100568996472163,-0.6003924836242512,-0.06274558051381635,0.17533305994763543,-0.7687001676211928,-1.138780166016509,0.39375592208224586,-0.5750779263367639,0.2222222222222213,0
2.1257812901592676,-0.2130601965896381,0.7888748878783929,-1.4434384295468845,0.43734949650480587,-0.47678530749612547,-0.10005773253438874,-0.8177486486982815,-1.484440068970332,2.1061219186506963,-1.7448922982881805,-0.25401220461026014,-0.06274558051381635,0.17533305994763543,0.19217504190529747,0.9044137993956963,-0.9754408069764776,0.07174948965501826,0.2222222222222213,1
1.070340813152622,-0.8304505389800663,-1.0751738700395135,-0.25371446699450034,-1.1483015216287307,-0.47678530749612547,-0.320964414753169,0.34966612868145946,-0.43236049845700575,-0.8672745261949412,0.6963868417507093,-0.6003924836242512,-0.06274558051381635,0.17533305994763543,3.395092406993598,1.4152122907487477,0.39375592208224586,-0.5750779263367639,0.2222222222222213,1
-0.5128199023573468,-1.0774066759362375,-1.0751738700395135,-0.25371446699450034,-1.8089894458510376,0.22853476845129134,2.6612757952003645,-0.8177486486982815,-0.5826575799589095,1.120752166579758,-0.19874884293021652,-0.6003924836242512,-0.06274558051381635,0.17533305994763543,0.19217504190529747,1.4152122907487477,0.39375592208224586,-1.2279693493534694,0.2222222222222213,1
-0.7766800216090083,1.762588899059732,-1.0751738700395135,0.5394348413737559,0.17307432681588308,-0.47678530749612547,2.109009089653414,0.12187787943663203,-0.6127169962592903,-0.193074169514826,0.07250439485188244,0.438748353417722,-0.06274558051381635,1.0554497978737503,0.19217504190529747,-0.6279816746634577,0.39375592208224586,0.05760013993019654,0.2222222222222213,1
0.014900336145976124,-1.0774066759362375,0.32636654944763377,-0.25371446699450034,-1.1483015216287307,0.5783735261212104,1.0044756785595126,-0.8177486486982815,-1.033548824464621,0.4811261871652891,0.8048881368635504,0.438748353417722,-0.06274558051381635,-0.7047836779784794,0.19217504190529747,-1.138780166016509,0.39375592208224586,-0.5750779263367639,0.2222222222222213,1
-0.24895978310568534,-0.46001633354580934,-1.0751738700395135,0.6980647030474065,-0.09120084287303969,0.22853476845129134,-0.10005773253438874,-0.8177486486982815,0.7700161535582244,0.03165928271187985,1.5101465550970061,-0.6003924836242512,-0.06274558051381635,0.17533305994763543,0.8327585149229574,-0.37258242898693206,0.39375592208224586,1.4462577486375536,0.2222222222222213,1
-0.5128199023573468,-0.2130601965896381,0.32636654944763377,1.332584149742012,-0.48761359740642385,-0.47678530749612547,-0.10005773253438874,-0.8177486486982815,-0.7329546614608133,0.4811261871652891,0.8048881368635504,-0.6003924836242512,-0.06274558051381635,0.17533305994763543,-0.9288460358756075,-0.37258242898693206,0.39375592208224586,1.3654043216385798,0.2222222222222213,1
-0.5128199023573468,-0.46001633354580934,0.7888748878783929,7.281203962503933,-0.09120084287303969,0.9338548443987081,-0.10005773253438874,0.43508672214827,0.7700161535582244,-0.193074169514826,-0.524252728268736,4.941691980599606,-0.06274558051381635,-0.17671363522281083,0.19217504190529747,1.4152122907487477,0.39375592208224586,-0.5750779263367639,0.2222222222222213,1
-0.5128199023573468,2.133023104493989,0.32636654944763377,-1.0468637753627565,1.230175005571574,0.22853476845129134,0.12084894968439151,-0.8177486486982815,-0.3061109499954066,0.6885724507591713,0.4793842515250309,0.438748353417722,-0.06274558051381635,0.17533305994763543,0.19217504190529747,1.4152122907487477,0.39375592208224586,0.0565894720927103,0.2222222222222213,1
0.27876045539763755,0.40433014580079013,0.32636654944763377,-1.0468637753627565,-1.8089894458510376,-0.47678530749612547,-0.6523244380813393,1.4743706093277957,-1.033548824464621,-1.973654598695643,0.28950698507756084,0.785128632431713,-0.06274558051381635,0.17533305994763543,0.19217504190529747,-0.11718318331040638,0.39375592208224586,2.313410753201537,0.2222222222222213,1
-0.5128199023573468,1.762588899059732,-0.13614178898312457,0.6980647030474065,0.04093674197142169,-0.47678530749612547,-0.10005773253438874,-0.8177486486982815,-1.033548824464621,1.120752166579758,-0.19874884293021652,0.785128632431713,-0.06274558051381635,0.17533305994763543,0.19217504190529747,0.9044137993956963,0.39375592208224586,0.7286835840216714,0.2222222222222213,1
0.542620574649299,-0.08958212811155244,1.2653986305040226,-1.0468637753627565,0.17307432681588308,0.22853476845129134,1.0044756785595126,0.6771117369708991,-0.43236049845700575,-0.5906795080697653,-0.38862610937768655,-0.6003924836242512,-0.06274558051381635,0.17533305994763543,0.19217504190529747,0.9044137993956963,0.39375592208224586,0.4355899111503948,0.2222222222222213,1
0.542620574649299,-1.0774066759362375,-1.0751738700395135,1.332584149742012,-0.7518887670953466,-1.5319441411134609,-1.20459114362829,1.816052983195037,-0.1317663354531982,-1.6797723919376448,-0.8497566136072536,0.09236807440373093,-0.06274558051381635,0.17533305994763543,0.19217504190529747,-0.11718318331040638,0.39375592208224586,-0.5750779263367639,0.2222222222222213,1
-1.0405401408606696,2.6269353784063316,1.2653986305040226,-0.09508460532084967,-0.8840263519398079,1.6391749203461248,0.562662314121952,-0.8177486486982815,1.070610316562032,1.5875062596659923,-0.9311325849418844,-0.6003924836242512,-0.06274558051381635,0.17533305994763543,0.19217504190529747,-1.138780166016509,0.39375592208224586,-1.8687327583203281,-4.499999999999998,1
-0.24895978310568534,-0.583494402023895,0.32636654944763377,-1.0468637753627565,-0.22333842771750106,-0.47678530749612547,1.2253823607782928,1.4316603125943905,0.018530746048705544,-1.1265823556872931,-0.9853832324983032,2.170649748487677,-0.06274558051381635,-1.5849004159045943,-0.44840843111236245,-0.11718318331040638,0.39375592208224586,-0.5750779263367639,0.2222222222222213,1
0.542620574649299,1.145198556669304,-0.13614178898312457,-1.3641234987100592,0.9658998358826514,2.3444949962935415,-0.320964414753169,-0.8177486486982815,-1.033548824464621,1.3973471847049326,-0.6327540233815753,-0.6003924836242512,-0.06274558051381635,0.17533305994763543,0.19217504190529747,-0.37258242898693206,0.39375592208224586,0.7286835840216714,0.2222222222222213,1
-0.5128199023573468,-1.4478408813704944,-1.0751738700395135,-0.25371446699450034,-0.8840263519398079,-1.887425459390959,-0.10005773253438874,-0.8177486486982815,0.46942199055441686,0.36011586673552554,0.9947654033110185,-0.25401220461026014,-0.06274558051381635,0.17533305994763543,-2.0498671136565125,0.13821606236611927,0.39375592208224586,1.4260443918878116,0.2222222222222213,1
-0.5128199023573468,-0.7069724705019806,-0.6126655316087548,-1.3641234987100592,1.4944501752604968,0.22853476845129134,1.5567423841064632,-0.8177486486982815,-1.3762261702889615,1.120752166579758,-0.19874884293021652,-0.6003924836242512,-0.06274558051381635,1.0554497978737503,-0.7687001676211928,1.4152122907487477,0.39375592208224586,-1.2279693493534694,0.2222222222222213,1
1.070340813152622,0.6512862827569614,-0.6126655316087548,-0.25371446699450034,0.7016246661937287,-0.47678530749612547,-0.6523244380813393,1.5597912027946057,0.018530746048705544,-0.6771154512338827,-1.8805189171792298,0.785128632431713,-0.06274558051381635,-0.7047836779784794,-1.0889919041300227,-0.11718318331040638,0.39375592208224586,0.0565894720927103,0.2222222222222213,1
-1.5682603793639927,-1.3243628128924088,-1.0751738700395135,-1.0468637753627565,-0.7518887670953466,-0.8322666257736232,-0.10005773253438874,-0.8177486486982815,-0.1317663354531982,0.4811261871652891,0.8048881368635504,-0.6003924836242512,-0.06274558051381635,-4.225250629682939,-3.010742323183003,-1.138780166016509,0.39375592208224586,-0.5750779263367639,0.2222222222222213,1
-0.5128199023573468,1.5156327621035608,-0.6126655316087548,0.3808049797001052,0.17307432681588308,0.22853476845129134,-0.10005773253438874,0.6771117369708991,0.46942199055441686,-0.5906795080697653,-0.3615007855994763,-0.6003924836242512,-0.06274558051381635,1.0554497978737503,0.19217504190529747,-0.37258242898693206,0.39375592208224586,1.3856176783883247,0.2222222222222213,1
-0.5128199023573468,0.03389594036653319,-0.6126655316087548,-0.25371446699450034,-1.1483015216287307,-2.5927455353383757,-0.7627777791907295,-0.7465648208092728,-5.542461269521734,0.6021365075950539,0.4793842515250309,-0.6003924836242512,-0.06274558051381635,1.0554497978737503,0.19217504190529747,0.13821606236611927,0.39375592208224586,-0.5750779263367639,0.2222222222222213,1
-1.0405401408606696,0.6512862827569614,0.32636654944763377,-0.01576967448402292,0.17307432681588308,0.22853476845129134,-1.20459114362829,-0.8177486486982815,0.16882782755060932,3.610107329706339,-4.104795466992441,-0.6003924836242512,-0.06274558051381635,0.17533305994763543,0.9929043831773725,-0.37258242898693206,0.39375592208224586,0.7711316331961309,0.2222222222222213,1
-0.5128199023573468,-1.3243628128924088,1.0271367591912073,2.522308112294396,0.83376225103819,-0.8322666257736232,-0.10005773253438874,-0.8177486486982815,0.16882782755060932,1.120752166579758,-0.19874884293021652,0.785128632431713,-0.06274558051381635,-1.0568303731489253,1.4733419879406173,1.4152122907487477,0.39375592208224586,0.7286835840216714,0.2222222222222213,1
0.43707652694863447,-0.9539286074581519,1.0271367591912073,-0.6502891211786284,-0.6197511822508852,0.22853476845129134,-0.8732311203001196,0.47779701888167503,0.16882782755060932,0.1353824145088197,-1.1210098513893525,0.09236807440373093,-0.06274558051381635,-2.993087196586378,-2.370158850165343,0.13821606236611927,0.39375592208224586,0.0757921610049661,0.2222222222222213,1
2.3896414094109293,-0.08958212811155244,-1.5376822084702721,0.9360094955578839,-0.7518887670953466,0.9338548443987081,-1.20459114362829,1.7591059208838302,-0.1317663354531982,-1.455038939710939,-1.0667592038329339,-0.6003924836242512,-0.06274558051381635,0.17533305994763543,-0.44840843111236245,-0.11718318331040638,0.39375592208224586,1.5897725815607289,0.2222222222222213,1
-0.30173180695601765,-1.0774066759362375,-0.13614178898312457,-0.6502891211786284,-0.09120084287303969,1.6391749203461248,-0.320964414753169,-0.8177486486982815,-0.1317663354531982,0.9824546575171708,0.01825374729546187,-0.6003924836242512,-0.06274558051381635,0.17533305994763543,3.395092406993598,1.4152122907487477,0.39375592208224586,-0.5750779263367639,0.2222222222222213,1
0.7537086700506282,0.15737400884461883,-0.13614178898312457,0.5394348413737559,-0.09120084287303969,0.22853476845129134,-0.10005773253438874,1.1896352977717608,-1.7850342319741397,-0.9537104693590585,4.114177637805157,-0.6003924836242512,-0.06274558051381635,1.0554497978737503,-0.12811669460353248,-0.11718318331040638,0.39375592208224586,0.0757921610049661,0.2222222222222213,1
1.070340813152622,-0.583494402023895,-1.0751738700395135,1.332584149742012,-0.09120084287303969,0.22853476845129134,-1.20459114362829,1.047267641993744,-0.43236049845700575,-0.9537104693590585,-0.4971274044905258,-0.6003924836242512,-0.06274558051381635,0.17533305994763543,0.19217504190529747,-0.11718318331040638,0.39375592208224586,0.4355899111503948,0.2222222222222213,1
0.542620574649299,0.6512862827569614,-0.13614178898312457,-0.09508460532084967,-0.35547601256196243,-0.47678530749612547,-0.6523244380813393,-0.33369861905302295,-0.2520040006547212,0.1353824145088197,0.42513360396861033,0.09236807440373093,-0.06274558051381635,0.17533305994763543,-0.44840843111236245,-0.11718318331040638,0.39375592208224586,0.0565894720927103,0.2222222222222213,1
1.070340813152622,-0.2130601965896381,-0.6126655316087548,0.2221751180264531,0.17307432681588308,1.6391749203461248,-0.10005773253438874,4.279013428154734,0.31912490905251306,-2.4749830690475236,-4.2675474096617005,-0.25401220461026014,-0.06274558051381635,0.5273797551180817,0.19217504190529747,1.4152122907487477,-0.9754408069764776,-0.5750779263367639,0.2222222222222213,1
0.542620574649299,1.145198556669304,0.32636654944763377,-1.0468637753627565,-0.48761359740642385,-0.47678530749612547,0.23130229079378165,-0.8177486486982815,0.46942199055441686,1.5875062596659923,-0.9311325849418844,-0.6003924836242512,-0.06274558051381635,-4.225250629682939,-3.010742323183003,0.13821606236611927,0.39375592208224586,-1.201691985578801,0.2222222222222213,1
-1.0405401408606696,0.5278082142788757,3.129447388421929,-0.25371446699450034,-1.1483015216287307,-1.1821053834435422,0.12084894968439151,-0.8177486486982815,0.31912490905251306,0.4811261871652891,0.8048881368635504,-0.6003924836242512,-0.06274558051381635,0.17533305994763543,1.1530502514317877,-1.138780166016509,-1.88823862634896,-0.5750779263367639,0.2222222222222213,1
-0.5128199023573468,-0.2130601965896381,-0.13614178898312457,-1.0468637753627565,0.43734949650480587,-0.47678530749612547,-0.10005773253438874,-0.8177486486982815,0.9203132350601282,1.5875062596659923,-0.9311325849418844,-0.25401220461026014,-0.06274558051381635,0.17533305994763543,-0.12811669460353248,-1.138780166016509,0.39375592208224586,-1.8384127231957124,-4.499999999999998,1
-1.0405401408606696,0.5278082142788757,-0.6126655316087548,-0.25371446699450034,-1.1483015216287307,-1.1821053834435422,0.4522089730125619,-0.8177486486982815,0.46942199055441686,0.4811261871652891,0.8048881368635504,-0.6003924836242512,-0.06274558051381635,0.17533305994763543,1.7936337244494476,-1.138780166016509,-1.88823862634896,-0.5750779263367639,0.2222222222222213,1
0.27876045539763755,2.133023104493989,1.7279069689347817,-1.0468637753627565,-0.09120084287303969,0.22853476845129134,-0.9836844614095097,-0.8177486486982815,0.16882782755060932,1.120752166579758,-0.19874884293021652,-0.6003924836242512,-0.06274558051381635,-0.5287603303932563,2.4342171974671074,-0.37258242898693206,0.39375592208224586,0.0565894720927103,0.2222222222222213,1
-0.5128199023573468,1.145198556669304,-1.0751738700395135,0.14286018718962776,-0.7518887670953466,0.22853476845129134,-0.320964414753169,-0.8177486486982815,0.018530746048705544,1.5875062596659923,-0.9311325849418844,-0.6003924836242512,-0.06274558051381635,0.703403102703304,0.19217504190529747,-1.138780166016509,0.39375592208224586,-0.5750779263367639,-4.499999999999998,1
1.5980610516559448,-0.08958212811155244,0.32636654944763377,-0.25371446699450034,-0.8840263519398079,0.22853476845129134,-0.10005773253438874,1.445897078172192,-0.43236049845700575,-2.0428033532269367,0.42513360396861033,-0.25401220461026014,-0.06274558051381635,1.0554497978737503,-1.4092836406388527,1.4152122907487477,-2.8010364457214423,-0.5750779263367639,0.2222222222222213,1
0.014900336145976124,1.5156327621035608,-0.13614178898312457,-0.25371446699450034,0.17307432681588308,0.22853476845129134,2.109009089653414,-0.8177486486982815,-1.1237270733657632,0.4811261871652891,0.8048881368635504,0.09236807440373093,-0.06274558051381635,1.0554497978737503,0.19217504190529747,-0.11718318331040638,0.39375592208224586,-0.5750779263367639,0.2222222222222213,1
-0.5128199023573468,-1.4478408813704944,-1.0751738700395135,-0.25371446699450034,0.5694870813492672,-0.47678530749612547,-0.10005773253438874,-0.8177486486982815,0.46942199055441686,0.36011586673552554,0.9947654033110185,-0.25401220461026014,-0.06274558051381635,0.17533305994763543,-1.0889919041300227,0.13821606236611927,0.39375592208224586,-0.5750779263367639,0.2222222222222213,1
0.27876045539763755,0.15737400884461883,0.32636654944763377,-0.09508460532084967,-0.35547601256196243,0.22853476845129134,-0.10005773253438874,1.6736853274170196,-0.43236049845700575,-1.2648798647498805,-1.2023858227239834,-0.6003924836242512,-0.06274558051381635,0.17533305994763543,-0.44840843111236245,0.13821606236611927,0.39375592208224586,2.3154320888765096,0.2222222222222213,1
0.542620574649299,-0.9539286074581519,-0.13614178898312457,1.332584149742012,-0.8840263519398079,-0.47678530749612547,-0.10005773253438874,1.2181088289273647,-0.7329546614608133,-1.455038939710939,-0.03599690026095676,-0.6003924836242512,-0.06274558051381635,0.17533305994763543,0.19217504190529747,-0.11718318331040638,0.39375592208224586,-1.2279693493534694,0.2222222222222213,1
-0.5128199023573468,-1.3243628128924088,0.32636654944763377,-0.3330293978313257,-0.48761359740642385,-0.47678530749612547,-0.320964414753169,-0.2055677288528075,0.46942199055441686,-0.4869563762728243,1.1575173459802783,0.785128632431713,-0.06274558051381635,0.17533305994763543,1.7936337244494476,-1.138780166016509,0.39375592208224586,3.035027589167367,0.2222222222222213,1
0.014900336145976124,0.774764351235047,-0.13614178898312457,-1.0468637753627565,-0.35547601256196243,0.22853476845129134,-1.20459114362829,-0.33369861905302295,-0.1317663354531982,0.03165928271187985,0.5878855466378701,0.09236807440373093,-0.06274558051381635,-0.7047836779784794,-0.44840843111236245,-0.11718318331040638,0.39375592208224586,0.0565894720927103,0.2222222222222213,1
0.542620574649299,-1.0774066759362375,-0.6126655316087548,-0.25371446699450034,1.4944501752604968,1.6391749203461248,0.4522089730125619,-0.8177486486982815,-0.5826575799589095,-0.08935103771788494,1.7000238215444763,-0.6003924836242512,-0.06274558051381635,0.17533305994763543,0.19217504190529747,0.9044137993956963,0.39375592208224586,-0.5750779263367639,0.2222222222222213,1
0.542620574649299,2.2565011729720745,1.2653986305040226,1.332584149742012,0.43734949650480587,0.22853476845129134,2.109009089653414,-0.8177486486982815,-0.43236049845700575,1.120752166579758,-0.19874884293021652,-0.6003924836242512,-0.06274558051381635,1.0554497978737503,0.19217504190529747,1.4152122907487477,0.39375592208224586,0.7286835840216714,0.2222222222222213,1
-0.5128199023573468,-0.46001633354580934,-1.0751738700395135,-0.6502891211786284,0.83376225103819,0.22853476845129134,-0.6523244380813393,0.6771117369708991,0.018530746048705544,-0.5906795080697653,-0.3615007855994763,0.09236807440373093,-0.06274558051381635,-4.225250629682939,-3.010742323183003,-0.11718318331040638,0.39375592208224586,1.4462577486375536,0.2222222222222213,1
-0.5128199023573468,-0.9539286074581519,-0.6126655316087548,0.14286018718962776,0.83376225103819,0.22853476845129134,-0.6523244380813393,-0.14862066654160058,0.46942199055441686,0.36011586673552554,-0.2801248142648454,-0.6003924836242512,-0.06274558051381635,0.17533305994763543,0.19217504190529747,-0.37258242898693206,0.39375592208224586,-1.2279693493534694,0.2222222222222213,1
1.070340813152622,-0.08958212811155244,-1.0751738700395135,1.332584149742012,-0.09120084287303969,-2.5927455353383757,0.12084894968439151,0.5632176123484853,0.16882782755060932,-0.659828262601059,-0.03599690026095676,-0.6003924836242512,-0.06274558051381635,1.0554497978737503,-0.12811669460353248,0.13821606236611927,0.39375592208224586,-1.1875426358539822,-4.499999999999998,1
1.8619211709076062,-0.46001633354580934,-1.5376822084702721,1.332584149742012,-0.48761359740642385,0.22853476845129134,-0.10005773253438874,1.2181088289273647,-0.43236049845700575,-1.455038939710939,-0.03599690026095676,-0.6003924836242512,-0.06274558051381635,1.0554497978737503,-1.4092836406388527,1.4152122907487477,0.39375592208224586,-1.201691985578801,0.2222222222222213,1
-1.0405401408606696,0.6512862827569614,-0.13614178898312457,-0.25371446699450034,-1.1483015216287307,1.6391749203461248,0.23130229079378165,-0.8177486486982815,1.5215015610677431,1.5875062596659923,-0.9311325849418844,-0.6003924836242512,-0.06274558051381635,0.17533305994763543,0.19217504190529747,-1.138780166016509,0.39375592208224586,-1.8384127231957124,-4.499999999999998,1
0.542620574649299,0.15737400884461883,-1.0751738700395135,-1.0468637753627565,0.17307432681588308,0.22853476845129134,3.213542500747315,-0.1913309632750057,-0.43236049845700575,-0.193074169514826,0.6692615179725009,-0.6003924836242512,-0.06274558051381635,0.17533305994763543,0.19217504190529747,1.4152122907487477,-2.8010364457214423,-0.5750779263367639,0.2222222222222213,1
0.8064806939009604,1.3921546936254752,2.19041530736554,-0.6502891211786284,2.1551380994828038,0.22853476845129134,-1.20459114362829,-0.8177486486982815,0.31912490905251306,0.4811261871652891,0.8048881368635504,-0.6003924836242512,-0.06274558051381635,-0.7047836779784794,0.19217504190529747,0.9044137993956963,-1.88823862634896,-0.5750779263367639,0.2222222222222213,1
-1.3044002601123312,-0.9539286074581519,-1.0751738700395135,-1.8400130837310127,0.17307432681588308,0.22853476845129134,-0.320964414753169,-0.8177486486982815,-1.033548824464621,1.120752166579758,-0.19874884293021652,-0.6003924836242512,-0.06274558051381635,-4.225250629682939,-3.010742323183003,-1.138780166016509,0.39375592208224586,-0.5750779263367639,0.2222222222222213,1
0.27876045539763755,0.28085207732270445,0.32636654944763377,-0.25371446699450034,-0.8840263519398079,0.22853476845129134,-0.6523244380813393,2.314339778418097,-1.033548824464621,-1.7489211464689385,-1.6635163269535505,-0.6003924836242512,-0.06274558051381635,0.17533305994763543,-0.44840843111236245,0.13821606236611927,0.39375592208224586,2.3154320888765096,0.2222222222222213,1
0.27876045539763755,-1.2008847444143231,0.7888748878783929,2.1257334581102683,-0.6197511822508852,-1.1821053834435422,-0.10005773253438874,1.702158858572623,0.16882782755060932,-2.0428033532269367,-0.03599690026095676,0.09236807440373093,-0.06274558051381635,0.17533305994763543,0.19217504190529747,1.4152122907487477,-2.8010364457214423,-0.5750779263367639,0.2222222222222213,1
1.070340813152622,-0.08958212811155244,-2.0142059510959025,-1.0468637753627565,0.17307432681588308,-0.47678530749612547,0.12084894968439151,0.32119259752585616,0.46942199055441686,0.6885724507591713,-1.6906416507317608,-0.6003924836242512,-0.06274558051381635,0.17533305994763543,-0.12811669460353248,0.13821606236611927,0.39375592208224586,-1.8788394366951993,-4.499999999999998,1
-0.5128199023573468,-1.2008847444143231,-1.0751738700395135,0.3808049797001052,-0.8840263519398079,1.6391749203461248,-0.10005773253438874,-0.8177486486982815,0.46942199055441686,1.120752166579758,-0.19874884293021652,-0.6003924836242512,-0.06274558051381635,0.17533305994763543,0.19217504190529747,-1.138780166016509,0.39375592208224586,0.9207104731442322,0.2222222222222213,1
-0.5128199023573468,-1.0774066759362375,-1.0751738700395135,-0.6502891211786284,-0.6197511822508852,1.6391749203461248,-0.6523244380813393,0.32119259752585616,0.7700161535582244,0.2563927349385845,-1.0125085562765135,-0.6003924836242512,-0.06274558051381635,-0.17671363522281083,-0.7687001676211928,0.13821606236611927,0.39375592208224586,0.9207104731442322,0.2222222222222213,1
-1.5682603793639927,0.15737400884461883,0.7888748878783929,0.9360094955578839,0.17307432681588308,-0.47678530749612547,1.0044756785595126,-0.8177486486982815,-0.1317663354531982,0.36011586673552554,0.9947654033110185,-0.25401220461026014,-0.06274558051381635,0.17533305994763543,-1.7295753771476827,0.13821606236611927,0.39375592208224586,0.9207104731442322,0.2222222222222213,1
0.542620574649299,-0.9539286074581519,-0.13614178898312457,-1.0468637753627565,-0.6197511822508852,-0.47678530749612547,-1.20459114362829,-0.5045398059866436,-0.1317663354531982,0.03165928271187985,0.9133894319763896,-0.6003924836242512,-0.06274558051381635,1.0554497978737503,0.19217504190529747,0.9044137993956963,0.39375592208224586,-1.206745324766238,0.2222222222222213,1
0.7537086700506282,1.6391108305816464,1.7279069689347817,0.14286018718962776,0.43734949650480587,-0.47678530749612547,-0.10005773253438874,-0.8177486486982815,-0.1317663354531982,2.6593119549010478,-2.612902659190897,0.785128632431713,-0.06274558051381635,0.17533305994763543,-0.12811669460353248,-0.11718318331040638,0.39375592208224586,0.0565894720927103,0.2222222222222213,1
-1.5682603793639927,-0.7069724705019806,-0.6126655316087548,1.332584149742012,-1.1483015216287307,0.22853476845129134,0.4522089730125619,-0.8177486486982815,1.070610316562032,0.4811261871652891,0.8048881368635504,-0.6003924836242512,-0.06274558051381635,0.17533305994763543,0.19217504190529747,-0.37258242898693206,0.39375592208224586,0.7286835840216714,0.2222222222222213,1
0.014900336145976124,-0.2130601965896381,-1.0751738700395135,0.5394348413737559,-0.8840263519398079,-1.887425459390959,0.7835689963407323,1.3177661879719766,-0.5826575799589095,-1.0401464125231759,-0.8768819373854639,-0.6003924836242512,-0.06274558051381635,0.17533305994763543,-2.370158850165343,0.9044137993956963,-2.8010364457214423,-1.201691985578801,0.2222222222222213,1
1.070340813152622,-0.3365382650677237,-0.6126655316087548,2.1257334581102683,-0.35547601256196243,-2.5927455353383757,-0.7627777791907295,0.6059279090818905,-0.7329546614608133,0.6885724507591713,-2.233148126295959,-0.6003924836242512,-0.06274558051381635,1.0554497978737503,-0.12811669460353248,0.13821606236611927,0.39375592208224586,-1.8788394366951993,-4.499999999999998,1
-1.0405401408606696,-1.0774066759362375,0.32636654944763377,0.4601199105369305,-0.09120084287303969,-1.887425459390959,0.12084894968439151,-0.8177486486982815,0.9203132350601282,1.120752166579758,-0.19874884293021652,-0.6003924836242512,-0.06274558051381635,-1.2328537207341483,-0.12811669460353248,-1.138780166016509,0.39375592208224586,-0.23751486861605256,0.2222222222222213,1
1.809149147057274,0.15737400884461883,2.19041530736554,-0.25371446699450034,-0.09120084287303969,0.22853476845129134,-0.320964414753169,0.022220520392020087,-1.3341429874684283,0.4811261871652891,-0.795505966050835,0.785128632431713,-0.06274558051381635,0.17533305994763543,-0.44840843111236245,1.4152122907487477,0.39375592208224586,0.0757921610049661,0.2222222222222213,1
0.542620574649299,-1.0774066759362375,0.32636654944763377,1.332584149742012,1.230175005571574,0.22853476845129134,-0.10005773253438874,-0.8177486486982815,-0.7329546614608133,1.120752166579758,-2.911281220751206,1.1315089114457042,-0.06274558051381635,0.3513564075328585,0.19217504190529747,0.9044137993956963,0.39375592208224586,0.6882568705221845,0.2222222222222213,1
1.5980610516559448,0.6512862827569614,0.32636654944763377,0.5394348413737559,1.0980374207271129,-0.47678530749612547,-0.5418710969719492,0.6771117369708991,-1.1838459059665245,-0.9537104693590585,0.20813101374293191,0.438748353417722,-0.06274558051381635,1.0554497978737503,1.1530502514317877,1.4152122907487477,0.39375592208224586,-1.8384127231957124,0.2222222222222213,1
-0.5128199023573468,-0.7069724705019806,0.32636654944763377,-0.6502891211786284,-1.1483015216287307,-0.47678530749612547,-0.6523244380813393,-0.8177486486982815,-1.033548824464621,0.6021365075950539,0.6150108704160804,-0.6003924836242512,-0.06274558051381635,-0.7047836779784794,0.19217504190529747,1.4152122907487477,0.39375592208224586,-0.5750779263367639,0.2222222222222213,1
-0.5128199023573468,-0.46001633354580934,0.7888748878783929,1.332584149742012,-0.09120084287303969,0.22853476845129134,0.4522089730125619,-0.8177486486982815,1.671798642569647,0.4811261871652891,0.8048881368635504,0.785128632431713,-0.06274558051381635,0.17533305994763543,0.19217504190529747,-1.138780166016509,0.39375592208224586,-0.5750779263367639,0.2222222222222213,1
0.542620574649299,1.0217204881912183,1.2653986305040226,-1.8400130837310127,1.7587253449494196,-0.47678530749612547,1.9985557485440235,-0.8177486486982815,-1.634737150472236,0.4811261871652891,0.8048881368635504,-0.6003924836242512,-0.06274558051381635,1.0554497978737503,0.5124667784141278,1.4152122907487477,-1.88823862634896,-0.5750779263367639,0.2222222222222213,1
0.542620574649299,0.8982424197131327,1.2653986305040226,-1.4434384295468845,2.8158260237051107,0.22853476845129134,0.4522089730125619,-0.8177486486982815,-0.282063416955102,-0.08935103771788494,1.7000238215444763,0.438748353417722,-0.06274558051381635,0.5273797551180817,-1.4092836406388527,1.4152122907487477,-1.88823862634896,-0.5750779263367639,0.2222222222222213,1
-0.5128199023573468,-0.08958212811155244,-0.6126655316087548,-1.0468637753627565,-1.1483015216287307,0.22853476845129134,1.5567423841064632,-0.8177486486982815,-0.1317663354531982,0.7231468280248187,0.42513360396861033,-0.6003924836242512,-0.06274558051381635,0.17533305994763543,0.19217504190529747,1.4152122907487477,0.39375592208224586,-0.5750779263367639,0.2222222222222213,1
0.542620574649299,-0.46001633354580934,-1.0751738700395135,-0.25371446699450034,0.17307432681588308,-0.47678530749612547,-0.320964414753169,-0.8177486486982815,-0.282063416955102,0.5157005644309366,0.7506374893071298,-0.6003924836242512,-0.06274558051381635,-2.465017153830709,0.19217504190529747,0.9044137993956963,0.39375592208224586,-2.2143811587409354,0.2222222222222213,1
-0.5128199023573468,-0.583494402023895,0.32636654944763377,-0.25371446699450034,-1.1483015216287307,0.22853476845129134,2.109009089653414,-0.8177486486982815,-0.1317663354531982,-0.3659460558430607,2.134029001995835,-0.6003924836242512,-0.06274558051381635,0.17533305994763543,0.19217504190529747,1.4152122907487477,0.39375592208224586,-0.5750779263367639,0.2222222222222213,1
0.014900336145976124,1.2686766251473895,-1.0751738700395135,-1.0468637753627565,2.551550854016188,0.22853476845129134,-0.10005773253438874,-0.8177486486982815,-0.7329546614608133,0.4811261871652891,0.8048881368635504,0.09236807440373093,-0.06274558051381635,-0.0006902876375877001,-0.12811669460353248,-1.138780166016509,0.39375592208224586,-0.5750779263367639,0.2222222222222213,1
2.1257812901592676,-0.9539286074581519,-1.0751738700395135,0.5394348413737559,-0.09120084287303969,0.22853476845129134,-0.10005773253438874,0.8906632206379249,0.7700161535582244,-1.6797723919376448,0.9405147557545999,-0.6003924836242512,-0.06274558051381635,-0.7047836779784794,0.19217504190529747,1.4152122907487477,0.39375592208224586,-0.5750779263367639,0.2222222222222213,1
-0.5128199023573468,2.2565011729720745,-1.0751738700395135,-0.6502891211786284,-0.35547601256196243,-0.47678530749612547,-0.9836844614095097,-0.8177486486982815,-1.7850342319741397,0.4811261871652891,0.8048881368635504,-0.25401220461026014,-0.06274558051381635,0.17533305994763543,0.19217504190529747,0.13821606236611927,0.39375592208224586,-0.5750779263367639,0.2222222222222213,1
2.1257812901592676,1.762588899059732,1.7279069689347817,-1.0468637753627565,2.8158260237051107,0.22853476845129134,1.0044756785595126,0.17882494174783894,-1.9353313134760435,0.36011586673552554,-0.9040072611636742,-0.6003924836242512,-0.06274558051381635,0.17533305994763543,0.19217504190529747,1.4152122907487477,-1.88823862634896,-0.5750779263367639,0.2222222222222213,1
1.070340813152622,-0.3365382650677237,1.2653986305040226,-0.6502891211786284,-0.35547601256196243,-1.1821053834435422,-0.10005773253438874,0.32119259752585616,0.46942199055441686,0.6885724507591713,-1.6906416507317608,-0.6003924836242512,-0.06274558051381635,0.17533305994763543,0.19217504190529747,0.13821606236611927,0.39375592208224586,-1.8788394366951993,-4.499999999999998,1
0.014900336145976124,-1.0774066759362375,-0.13614178898312457,-1.0468637753627565,1.3623125904160356,0.22853476845129134,-0.5418710969719492,-0.8177486486982815,-1.1838459059665245,0.4811261871652891,0.8048881368635504,-0.25401220461026014,-0.06274558051381635,0.17533305994763543,0.19217504190529747,1.4152122907487477,0.39375592208224586,0.0757921610049661,0.2222222222222213,1
-0.5128199023573468,0.5278082142788757,2.19041530736554,0.14286018718962776,1.7587253449494196,0.22853476845129134,-0.9836844614095097,0.5489808467706836,-0.883251742962717,-0.4869563762728243,-0.2801248142648454,-0.25401220461026014,-0.06274558051381635,0.8794264502885272,1.1530502514317877,-0.37258242898693206,0.39375592208224586,0.7711316331961309,0.2222222222222213,1
0.014900336145976124,1.762588899059732,0.32636654944763377,0.7773796338842333,-0.09120084287303969,0.22853476845129134,0.12084894968439151,-0.33369861905302295,-0.43236049845700575,0.1353824145088197,0.42513360396861033,0.785128632431713,-0.06274558051381635,0.17533305994763543,0.19217504190529747,-0.11718318331040638,0.39375592208224586,0.7286835840216714,0.2222222222222213,1
0.7537086700506282,0.40433014580079013,3.129447388421929,0.5394348413737559,0.43734949650480587,0.9338548443987081,-0.9836844614095097,1.4316603125943905,-2.8371138024874663,-1.1265823556872931,-0.9582579087200929,-0.6003924836242512,-0.06274558051381635,0.17533305994763543,0.19217504190529747,3.9692047475140044,0.39375592208224586,-1.2421186990782882,0.2222222222222213,1
1.070340813152622,-0.2130601965896381,-1.0751738700395135,-0.25371446699450034,-0.09120084287303969,-0.47678530749612547,-1.20459114362829,1.6167382651058129,0.16882782755060932,-1.455038939710939,-0.8226312898290433,-0.6003924836242512,-0.06274558051381635,0.17533305994763543,-0.28826256285794766,-0.11718318331040638,0.39375592208224586,0.7286835840216714,0.2222222222222213,1
0.542620574649299,-0.46001633354580934,-1.0751738700395135,0.6980647030474065,-0.6197511822508852,0.22853476845129134,-0.320964414753169,0.7198220337043044,0.46942199055441686,-0.45238199900717807,-0.6598793471597856,-0.6003924836242512,-0.06274558051381635,0.17533305994763543,1.1530502514317877,-1.138780166016509,0.39375592208224586,-0.5750779263367639,0.2222222222222213,1
1.5980610516559448,0.8982424197131327,0.7888748878783929,-0.174399536157675,1.890862929793881,1.6391749203461248,-0.6523244380813393,-0.8177486486982815,-0.5826575799589095,0.014372094079056135,-1.1752604989457731,-0.6003924836242512,-0.06274558051381635,0.17533305994763543,0.19217504190529747,1.4152122907487477,-1.88823862634896,-0.5750779263367639,0.2222222222222213,1
1.070340813152622,-0.2130601965896381,-0.13614178898312457,-2.2365877379151407,-1.1483015216287307,-0.47678530749612547,-0.10005773253438874,-0.02048977634138517,-0.282063416955102,-0.07206384908506122,0.18100568996472163,-0.6003924836242512,-0.06274558051381635,0.17533305994763543,-0.12811669460353248,-0.11718318331040638,0.39375592208224586,0.7711316331961309,0.2222222222222213,1
-1.3044002601123312,-0.7069724705019806,-0.6126655316087548,-1.0468637753627565,2.0230005146383423,-0.47678530749612547,-0.6523244380813393,-0.8177486486982815,-0.1317663354531982,1.8468140891583444,-1.338012441615033,-0.6003924836242512,-0.06274558051381635,-0.5287603303932563,0.19217504190529747,-1.138780166016509,0.39375592208224586,-0.5750779263367639,0.2222222222222213,1
-0.24895978310568534,0.15737400884461883,-1.0751738700395135,0.5394348413737559,0.43734949650480587,0.22853476845129134,-0.10005773253438874,-0.8177486486982815,0.9203132350601282,0.4811261871652891,0.8048881368635504,-0.6003924836242512,-0.06274558051381635,0.17533305994763543,0.19217504190529747,-0.37258242898693206,0.39375592208224586,1.4462577486375536,0.2222222222222213,1
-1.0405401408606696,2.133023104493989,1.7279069689347817,-0.174399536157675,1.4944501752604968,0.9338548443987081,-0.10005773253438874,0.03645728596982176,-1.033548824464621,0.6021365075950539,-1.0125085562765135,-0.25401220461026014,-0.06274558051381635,0.17533305994763543,0.19217504190529747,0.13821606236611927,0.39375592208224586,0.8176223537205409,0.2222222222222213,1
1.070340813152622,1.2686766251473895,0.08810467813481845,4.505181383215037,-0.09120084287303969,1.6391749203461248,-0.320964414753169,-0.8177486486982815,-1.033548824464621,0.4811261871652891,0.8048881368635504,0.438748353417722,-0.06274558051381635,0.17533305994763543,-0.7687001676211928,0.13821606236611927,0.39375592208224586,-0.5750779263367639,0.2222222222222213,1
-0.5128199023573468,-0.46001633354580934,-0.13614178898312457,-0.25371446699450034,1.230175005571574,-1.1821053834435422,0.34175563190317176,-0.8177486486982815,-0.43236049845700575,1.120752166579758,-0.19874884293021652,-0.6003924836242512,-0.06274558051381635,-4.225250629682939,-3.010742323183003,-1.138780166016509,0.39375592208224586,-0.5750779263367639,0.2222222222222213,1
