0,1,2,3,4,5,6,7,y
-0.5390110927804981,0.8013560047867402,0.36644168656160186,0.9190369913310332,1.0122187488631695,0.8234768076530032,-0.410318114939799,-0.30749777814588486,0
0.36269905308594264,0.37389790602225076,0.5708345047216437,-1.265797343612904,-0.666214485559408,-0.6210645188098779,-0.8507656863611713,3.114809099871526,0
1.2644091989523834,-0.053560192742238645,0.16204886840156008,-0.07974441892905235,-0.666214485559408,-1.0899068791530935,3.1225026152721864,1.1469826450115148,0
-1.1401511900247918,-1.0306072756325002,-0.04234394975848169,0.7317654769072671,-0.666214485559408,0.5193628441871329,-0.6906029331170359,-0.649728465947626,0
0.36269905308594264,-0.3283546848051247,0.3153434820215914,0.3572224480597351,-0.666214485559408,0.5447056744759557,0.258053374559766,2.3447900523176086,0
1.2644091989523834,-0.6031491768680107,0.36644168656160186,-1.265797343612904,-0.666214485559408,0.8868338833750594,-0.8384454745731609,0.8047519572097737,0
0.36269905308594264,-0.17569107810352133,0.26424527748158094,-1.265797343612904,-0.666214485559408,-0.8618214065536917,0.8679038580662813,2.088117036466303,0
-0.23844104415835116,2.1753284651011704,-0.04234394975848169,-0.3294397714940737,0.45850881585778314,-0.1015364978890175,-0.5027197033498771,0.12029058160629148,0
-1.1401511900247918,-1.9160561945017995,-0.45112958607856524,-1.265797343612904,-0.666214485559408,-1.2673066911748512,0.8401833815432579,2.9436937559706555,0
0.062129004463795746,-0.08409291408255933,-0.24673676791852348,0.4196462862009904,0.37199163882569153,0.18990605043244146,-0.7152433566930567,-0.7352861378980612,0
-0.23844104415835116,0.09910341395936471,1.5927985955218524,0.9190369913310332,1.410197763210791,3.2437171002355485,1.2867910588586353,-0.9064014817989318,0
0.36269905308594264,0.09910341395936471,0.26424527748158094,1.2311561820373098,-3.222241230246551e-05,0.30394878673214243,-0.5951212917599552,-0.39305545009632015,0
0.9638391503302365,0.16016885664000605,0.8774237319617063,-1.265797343612904,-0.666214485559408,0.7474483167865357,-0.48731943861486415,1.5747710047636911,0
0.062129004463795746,-0.7558127835696141,-0.45112958607856524,0.7317654769072671,-0.666214485559408,0.4686771836094881,-0.5489204975549162,-0.39305545009632015,0
1.2644091989523834,-0.8779436689308968,0.6730309138016645,-1.265797343612904,-0.666214485559408,0.49402001389831096,0.38433554538687253,3.029251427921091,0
-0.5390110927804981,-0.8474109475905761,-0.8599152223986488,-1.265797343612904,-0.666214485559408,-0.20290781904430702,-0.9893680689762884,-0.9064014817989318,0
-0.839581141402645,0.19070157798032672,-0.655522404238607,0.5444939624835011,0.6488466053283847,-0.38030763106606463,1.0434668760454298,-0.991959153749367,0
0.36269905308594264,0.7097578407657782,0.46863809564162273,-1.265797343612904,-0.666214485559408,1.685133037472967,-0.8384454745731609,1.23254031696195,0
-0.839581141402645,-0.4199528488260867,0.05985245932153919,0.4820701243422458,0.5017674043738289,0.3166202018765538,-0.9862880160292858,-0.9064014817989318,0
-1.1401511900247918,0.5265615127238541,0.05985245932153919,1.1063085057547992,-0.666214485559408,0.18990605043244146,-0.9000465335132128,-0.9064014817989318,0
-0.839581141402645,-0.3283546848051247,-0.655522404238607,0.04510325735345835,0.5017674043738289,-0.8238071611204578,1.142028570349513,-0.8208438098484965,0
-1.1401511900247918,0.19070157798032672,0.7752273228816854,0.5444939624835011,1.193904820630562,-0.1268793281778399,0.17797199793769825,-0.7352861378980612,0
-0.839581141402645,-1.0916727183131414,-0.24673676791852348,0.16995093363596903,0.3287330503096457,0.6587484107756566,0.027049403534570554,-0.39305545009632015,0
-0.839581141402645,-0.23675652078416268,0.16204886840156008,0.6069178006247564,0.8564878302054046,0.34196303216537577,0.2026124215137191,-0.649728465947626,0
0.36269905308594264,-2.3129815719259685,-0.34893317699854437,-1.265797343612904,-0.666214485559408,-0.8491499914092803,0.38433554538687253,0.29140592550716204,0
-0.5390110927804981,-0.7558127835696141,-0.7577188133186279,-0.39186360963532907,0.09513667232299831,-0.7097644248207565,0.8802240698542917,-0.9064014817989318,0
-0.839581141402645,0.8013560047867402,-0.655522404238607,-1.265797343612904,-0.666214485559408,-0.2535934796219522,0.3134943276058126,-0.30749777814588486,0
-1.1401511900247918,0.16016885664000605,-0.04234394975848169,-1.265797343612904,-0.666214485559408,-0.887164236842514,-0.7891646274211194,-0.991959153749367,0
1.5649792475745303,0.4349633487028921,0.26424527748158094,0.7941893150485225,-0.14711142336685823,-0.7351072551095793,-0.0068311788824579394,4.141501163276749,0
-1.1401511900247918,-1.3969999317163482,-0.8599152223986488,-0.6415589622003505,-0.3547526482438781,-0.49435036736576554,-0.5951212917599552,-0.9064014817989318,0
-0.5390110927804981,-1.1222054396534622,-0.14454035883850258,0.16995093363596903,-0.23362860039894984,0.06319189898832911,0.10713078015663831,-0.9064014817989318,0
-0.23844104415835116,-0.26728924212448335,-0.34893317699854437,-1.265797343612904,-0.666214485559408,-1.1532639548751498,-0.9862880160292858,-0.991959153749367,0
-1.1401511900247918,-0.8168782262502554,-0.45112958607856524,-1.265797343612904,-0.666214485559408,0.4560057684650767,-0.6136016094419708,-0.649728465947626,0
0.6632691017080896,1.931066694378605,1.2862093682817899,-1.265797343612904,-0.666214485559408,1.1529336014076947,3.076301821067148,1.0614249730610794,0
-1.1401511900247918,1.3814777102528328,0.36644168656160186,1.418427696461076,1.5399735287589285,2.0526040766608924,-0.6259218212299812,-0.5641707939971907,0
-0.5390110927804981,-0.6031491768680107,-0.24673676791852348,0.16995093363596903,-0.666214485559408,-0.2535934796219522,-0.2901960500066975,-0.991959153749367,0
-1.1401511900247918,-0.57261645552769,-0.24673676791852348,-0.20459209521156305,-0.666214485559408,-1.3560065971857296,-0.6474821918589995,-0.991959153749367,0
-1.1401511900247918,0.8318887261270609,0.8263255274216958,2.105089916014885,-0.666214485559408,1.4063619042959195,-0.2686356793776793,-0.7352861378980612,0
-0.5390110927804981,-0.57261645552769,-0.5533259951585862,0.9190369913310332,0.11244010772941665,-1.2546352760304398,-0.9462473277182519,-0.9064014817989318,0
-1.1401511900247918,0.16016885664000605,1.3884057773618108,-1.265797343612904,-0.666214485559408,-1.1659353700195612,-0.6166816623889734,-0.991959153749367,0
2.767259442063118,0.7708232834464195,0.6730309138016645,-0.07974441892905235,0.28547446179359987,-1.2039496154527949,-0.6690425624880177,2.088117036466303,0
-0.5390110927804981,-0.8474109475905761,-0.34893317699854437,0.4820701243422458,-0.666214485559408,-0.012836591878138492,-1.023248651393317,-0.7352861378980612,0
-0.839581141402645,-0.6031491768680107,-0.14454035883850258,0.5444939624835011,1.0295221842695879,0.03784906869950627,-0.056112026034499635,0.8047519572097737,0
-0.839581141402645,-0.6947473408889727,-0.14454035883850258,-0.3294397714940737,0.5450259928898747,-1.0772354640086825,0.07633025068661226,-0.9064014817989318,0
-0.839581141402645,-0.7252800622292934,2.7169590954020824,-1.265797343612904,-0.666214485559408,-1.1786067851639725,-0.7860845744741167,-0.47861312204675543,0
-0.5390110927804981,0.2212342993206474,-0.5533259951585862,0.23237477177722438,1.7130078828231117,-0.5070217825101769,3.5044291807005097,-0.649728465947626,0
-0.839581141402645,-1.4885980957373102,-0.34893317699854437,-1.265797343612904,-0.666214485559408,-1.2546352760304398,-0.1423535085505726,-0.5641707939971907,0
0.062129004463795746,-0.5115510128470487,-0.45112958607856524,0.7941893150485225,0.9949153134567512,-0.9758641428533926,1.5516756123008593,0.03473290965585621,0
-0.839581141402645,-1.3054017676953862,-0.655522404238607,0.6069178006247564,-0.18171829417969487,0.20257746557685197,2.429490702196601,-0.7352861378980612,0
-0.23844104415835116,-0.9695418329518588,-0.5533259951585862,-0.5791351240590951,-0.1990217295861132,-0.8744928216981026,-0.6012813976539604,-0.9064014817989318,0
-0.839581141402645,-0.11462563542288,0.46863809564162273,0.5444939624835011,0.8910947010182413,0.5573770896203671,0.10405072720963571,-0.649728465947626,0
-1.1401511900247918,-0.4199528488260867,0.05985245932153919,1.0438846676135438,0.614239734515548,0.9755337893859376,0.43977649843291944,-0.9064014817989318,0
0.6632691017080896,-0.4504855701664074,0.5708345047216437,0.4820701243422458,-0.666214485559408,0.10120614442156245,1.2806309529646303,-0.5641707939971907,0
-0.839581141402645,-0.8168782262502554,-0.655522404238607,-0.5791351240590951,-0.666214485559408,-1.1659353700195612,-0.13927345560357,-0.9064014817989318,0
-1.1401511900247918,-0.26728924212448335,-0.19563856337851301,-1.265797343612904,-0.666214485559408,-0.8998356519869251,0.6091794105180628,-0.13638243424501434,0
-0.839581141402645,-0.26728924212448335,-0.34893317699854437,-0.4542874477765844,0.9083981364246596,-0.9758641428533926,-0.9986082278172962,-0.8208438098484965,0
-0.23844104415835116,-0.6336818982083314,-0.7577188133186279,-0.07974441892905235,0.07783323691657999,-0.7731215005428127,-0.9493273806652546,-0.7352861378980612,0
-1.1401511900247918,-0.6031491768680107,0.05985245932153919,0.3572224480597351,-0.23362860039894984,-0.11420791303342846,0.4151360748568986,-0.991959153749367,0
-0.5390110927804981,-0.35888740614544534,-0.8599152223986488,0.3572224480597351,-0.12115627025723073,0.10120614442156245,-0.44419869735682765,-0.9064014817989318,0
1.5649792475745303,-1.9160561945017995,0.5708345047216437,1.0438846676135438,-0.666214485559408,0.1392203898547958,-1.1279704515914057,0.7191942852593384,0
0.062129004463795746,2.3585247931430944,0.05985245932153919,1.1687323438960546,5.770663485628209,0.6334055804868347,5.749787779065407,-0.13638243424501434,0
-0.5390110927804981,-0.17569107810352133,-0.04234394975848169,0.10752709549471369,-0.666214485559408,-0.38030763106606463,-1.140290663379416,-0.649728465947626,0
-0.839581141402645,-0.6031491768680107,0.26424527748158094,-0.5167112859178398,-0.2682354712117865,-1.5460778243518982,-0.9647276454002676,-0.39305545009632015,0
-0.5390110927804981,-0.26728924212448335,-0.45112958607856524,-1.265797343612904,-0.666214485559408,-0.6970930096763455,-0.3671973736817625,-0.8208438098484965,0
2.466689393440971,-0.9695418329518588,0.26424527748158094,1.2311561820373098,-0.1990217295861132,0.4560057684650767,-0.2593955205366715,1.3180979889123854,0
-0.5390110927804981,-0.9084763902712175,0.05985245932153919,-0.20459209521156305,-0.666214485559408,-0.5577074430878217,-1.1618510340084343,-0.9064014817989318,0
-0.23844104415835116,-0.11462563542288,0.26424527748158094,-0.3294397714940737,0.2422158732775541,-0.6844215945319341,-1.094089869174377,-0.7352861378980612,0
-1.1401511900247918,-0.57261645552769,0.36644168656160186,-1.265797343612904,-0.666214485559408,0.5066914290427224,-0.8138050509971401,-0.5641707939971907,0
-1.1401511900247918,1.3814777102528328,1.081816550121748,0.7941893150485225,5.216953552622822,2.610146343014987,-0.10847292613354394,-0.8208438098484965,0
0.36269905308594264,-0.35888740614544534,0.16204886840156008,1.418427696461076,-0.01733565781872079,0.5573770896203671,-0.6136016094419708,0.03473290965585621,0
0.9638391503302365,0.49602879138353345,1.081816550121748,-1.265797343612904,-0.666214485559408,-0.22825064933312986,-0.7768444156331089,1.4892133328132557,0
1.5649792475745303,0.09910341395936471,0.05985245932153919,1.4808515346023312,0.1470469785422533,0.17723463528803005,-0.2717157323246819,0.6336366133089031,0
-1.1401511900247918,-0.38942012748576604,-0.45112958607856524,0.2947986099184797,-0.666214485559408,-0.6717501793875231,-1.0140084925523092,-0.8208438098484965,0
-0.839581141402645,-0.5115510128470487,0.5708345047216437,-0.5791351240590951,0.04322636610374334,-1.5587492394963096,0.08865046247462267,-0.9064014817989318,0
0.9638391503302365,-1.1222054396534622,0.46863809564162273,0.3572224480597351,-0.05194252863155744,-0.304279140199597,0.9387450758473412,0.29140592550716204,0
0.36269905308594264,0.8318887261270609,0.3153434820215914,-1.265797343612904,-0.666214485559408,-0.22825064933312986,-0.0869125555045257,-0.39305545009632015,0
-0.839581141402645,0.12963613529968537,0.26424527748158094,0.9814608294722885,-0.666214485559408,-0.49435036736576554,-1.1156502398033952,-0.2219401061954496,0
-0.839581141402645,0.7097578407657782,0.8774237319617063,0.6069178006247564,2.1888523564996154,-0.20290781904430702,1.3237516942226666,-0.8208438098484965,0
-0.5390110927804981,-0.23675652078416268,0.3153434820215914,0.7317654769072671,-0.666214485559408,0.5066914290427224,-0.9678076983472702,-0.991959153749367,0
-0.839581141402645,-0.6947473408889727,0.05985245932153919,-0.3294397714940737,-0.666214485559408,-1.7108062212292443,-0.9708877512942727,-0.991959153749367,0
-0.5390110927804981,-0.4199528488260867,-0.24673676791852348,0.9190369913310332,0.36333992112248237,-0.15222215846666226,2.8884185912999887,0.12029058160629148,0
-0.5390110927804981,-0.6031491768680107,-0.04234394975848169,0.2947986099184797,-0.05194252863155744,0.8614910530862366,-0.425718379674812,-0.5641707939971907,0
-0.839581141402645,0.16016885664000605,0.05985245932153919,0.23237477177722438,0.28547446179359987,-0.9378498974201588,-0.7429638332160802,-0.649728465947626,0
0.6632691017080896,0.7402905621060988,0.16204886840156008,0.4196462862009904,1.306377150772281,0.2786059564433196,-0.6382420330179917,0.6336366133089031,0
-0.5390110927804981,0.09910341395936471,-1.0643080405586907,0.7317654769072671,0.7613189354701038,1.3176619982850413,0.17797199793769825,-0.5641707939971907,0
-0.839581141402645,-1.0000745542921794,-0.04234394975848169,0.8566131531897778,-3.222241230246551e-05,0.7474483167865357,-0.18855430275561152,-0.7352861378980612,0
1.2644091989523834,-1.3969999317163482,0.05985245932153919,1.2311561820373098,-0.242280318102159,0.4560057684650767,0.7477817931331797,0.5480789413584678,0
-0.839581141402645,-0.9390091116115381,-2.2906649495189413,-0.07974441892905235,-0.4499215429791789,-0.49435036736576554,0.29809406287079987,-0.991959153749367,0
0.9638391503302365,0.49602879138353345,0.26424527748158094,0.3572224480597351,0.5017674043738289,-0.7224358399651679,0.5691387222070289,1.5747710047636911,0
1.2644091989523834,-0.7558127835696141,0.16204886840156008,-1.265797343612904,-0.666214485559408,0.6460769956312452,0.07017014479260704,2.088117036466303,0
-0.839581141402645,-0.35888740614544534,0.9796201410417271,-0.07974441892905235,-0.666214485559408,-0.5830502733766441,-0.19163435570261414,-0.7352861378980612,0
-0.23844104415835116,-1.0000745542921794,-0.45112958607856524,-0.1421682570703077,-0.666214485559408,-1.2546352760304398,-0.056112026034499635,-0.991959153749367,0
-1.1401511900247918,0.5876269554044955,-0.34893317699854437,-0.20459209521156305,1.150646232114516,-1.2166210305972058,-0.7860845744741167,-0.991959153749367,0
2.1661193448188243,-1.0611399969728208,0.26424527748158094,-1.265797343612904,-0.666214485559408,-0.20290781904430702,-0.49963965040287456,0.20584825355672676,0
-0.23844104415835116,0.19070157798032672,0.9796201410417271,1.2935800201785652,1.3669391746947452,0.9628623742415261,0.7447017401861771,-0.47861312204675543,0
-0.5390110927804981,-0.8779436689308968,-0.34893317699854437,-1.265797343612904,-0.666214485559408,-0.5577074430878217,0.1933722626727113,-0.9064014817989318,0
0.6632691017080896,-0.6336818982083314,-0.45112958607856524,-0.07974441892905235,-0.1990217295861132,-0.608393103665467,0.10713078015663831,-0.050824762294579065,0
0.062129004463795746,-0.7863455049099348,-0.19563856337851301,0.10752709549471369,-0.666214485559408,-0.887164236842514,-0.9678076983472702,-0.991959153749367,0
0.062129004463795746,-0.29782196346480405,0.36644168656160186,-0.017320580787797003,0.19895728476150826,-0.4183218764992984,-1.0602092867573483,-0.47861312204675543,0
0.6632691017080896,0.9540196114883436,-0.34893317699854437,0.6693416387660118,0.37199163882569153,0.4813485987538995,0.7077411048221458,-0.39305545009632015,0
-0.23844104415835116,-0.35888740614544534,-0.34893317699854437,0.23237477177722438,-0.666214485559408,-0.7224358399651679,-0.736803727322075,-0.649728465947626,0
-0.5390110927804981,-1.1832708823341036,-0.45112958607856524,0.10752709549471369,-0.666214485559408,-0.5070217825101769,-0.5304401798729006,-0.649728465947626,0
0.062129004463795746,-0.29782196346480405,-0.14454035883850258,-1.265797343612904,-0.666214485559408,0.025177653555094857,0.027049403534570554,-0.30749777814588486,0
0.062129004463795746,0.28229974200128877,-0.45112958607856524,-0.5167112859178398,1.3323323038819086,-0.5323646127989994,0.1995323685667165,-0.13638243424501434,0
-0.839581141402645,-0.17569107810352133,-0.14454035883850258,0.9814608294722885,1.0641290550824245,0.8108053925085918,-0.5335202328199032,-0.991959153749367,0
0.6632691017080896,1.3814777102528328,-0.04234394975848169,0.3572224480597351,0.7872740885797312,0.24059171101008622,0.5198578750549872,1.4036556608628206,0
-0.839581141402645,-0.023027471401917975,0.9796201410417271,1.2935800201785652,0.8045775239861496,1.7231472829062002,0.13793130962666436,-0.5641707939971907,0
0.36269905308594264,1.0761504968496263,0.7752273228816854,1.4808515346023312,4.048971662689585,0.8868338833750594,0.4828972396909559,0.12029058160629148,0
-0.23844104415835116,-1.2138036036744242,-3.517021858479192,-1.265797343612904,-0.666214485559408,-4.017003777512089,-0.8877263217252026,-0.9064014817989318,0
-1.1401511900247918,-0.4504855701664074,1.081816550121748,-1.265797343612904,-0.666214485559408,-0.2662648947663632,-0.8168851039441426,1.1469826450115148,0
-0.839581141402645,-0.4199528488260867,0.36644168656160186,-1.265797343612904,-0.666214485559408,0.7347769016421243,-0.8168851039441426,-0.5641707939971907,0
2.466689393440971,0.03803797127872337,0.46863809564162273,-0.20459209521156305,-0.666214485559408,-0.6590787642431117,-0.6259218212299812,2.515905396218479,0
-0.5390110927804981,-0.35888740614544534,-0.34893317699854437,0.7317654769072671,-0.18171829417969487,-0.8238071611204578,-1.0294087572873223,-0.991959153749367,0
-0.5390110927804981,-0.57261645552769,-0.5533259951585862,-0.20459209521156305,1.62649070579102,-0.9505213125645702,0.4674969749559429,-0.8208438098484965,0
-1.1401511900247918,-0.6031491768680107,0.9796201410417271,2.479632944862417,0.28547446179359987,1.9132185100723689,1.5393554005128487,-0.13638243424501434,0
-0.839581141402645,-1.0000745542921794,-0.45112958607856524,1.0438846676135438,-0.01733565781872079,0.6967626562088909,0.1440914155206696,-0.9064014817989318,0
0.36269905308594264,-1.3054017676953862,0.6730309138016645,1.2935800201785652,-0.3028423420246231,0.5193628441871329,-0.9431672747712493,0.20584825355672676,0
-0.839581141402645,0.5876269554044955,-0.34893317699854437,1.2935800201785652,3.4866100119809897,1.1402621862632842,0.22725284508973995,-0.991959153749367,0
1.2644091989523834,-1.0611399969728208,-0.7066206087786174,-0.017320580787797003,-0.666214485559408,-0.9251784822757478,-1.0047683337113014,0.8047519572097737,0
-0.23844104415835116,-0.5115510128470487,0.16204886840156008,0.6069178006247564,0.6488466053283847,-0.5196931976545879,0.8247831168082448,-0.47861312204675543,0
-0.839581141402645,-0.9390091116115381,0.36644168656160186,0.8566131531897778,-0.3461009305406689,-0.0635222524557837,-0.8322853686791557,-0.8208438098484965,0
-1.1401511900247918,-0.8779436689308968,-0.04234394975848169,0.7317654769072671,1.150646232114516,1.0388908651079938,-0.25015536169566366,-0.649728465947626,0
-0.839581141402645,-0.35888740614544534,-0.45112958607856524,1.605699210884842,0.873791265611823,0.4813485987538995,-0.14543356149757522,-0.7352861378980612,0
1.2644091989523834,-0.23675652078416268,0.16204886840156008,-1.265797343612904,-0.666214485559408,-1.0265498034310374,1.1635889409785312,2.173674708416738,0
-0.839581141402645,-0.4504855701664074,-0.5533259951585862,-1.265797343612904,-0.666214485559408,-0.9378498974201588,-0.8476856334141687,-0.991959153749367,0
-0.5390110927804981,0.06857069261904404,-0.45112958607856524,-0.1421682570703077,0.2508675909807632,-0.24092206447754083,0.784742428497211,-0.9064014817989318,0
0.062129004463795746,-0.7558127835696141,0.05985245932153919,0.7317654769072671,-0.666214485559408,0.05052048384391769,0.46133686906193766,-0.7352861378980612,0
1.8655492961966773,0.28229974200128877,0.36644168656160186,0.4820701243422458,0.38929507423210985,0.5320342593315442,-0.5612407093429265,0.5480789413584678,0
-0.839581141402645,-3.656421310900078,-1.0643080405586907,-0.017320580787797003,-0.666214485559408,-0.887164236842514,-0.992448121923291,-0.9064014817989318,0
-0.5390110927804981,-1.1222054396534622,-0.19563856337851301,0.4820701243422458,-0.09520111714760325,0.6460769956312452,0.513697769160982,-0.7352861378980612,0
0.062129004463795746,-0.9084763902712175,0.9796201410417271,1.6681230490260974,-0.1990217295861132,0.7601197319309471,-0.30867636768871315,-0.30749777814588486,0
-0.23844104415835116,-1.3969999317163482,-0.04234394975848169,0.4820701243422458,-0.27688718891499564,-0.2535934796219522,-0.5212000210318928,-0.8208438098484965,0
0.062129004463795746,0.06857069261904404,-0.04234394975848169,-1.265797343612904,-0.666214485559408,0.41799152303184334,-0.21011467338462977,-0.30749777814588486,0
0.6632691017080896,-0.8474109475905761,1.184012959201769,-1.265797343612904,-0.666214485559408,-1.4953921637742535,-0.844605580467166,-0.39305545009632015,0
-1.1401511900247918,-0.206223799443842,0.5708345047216437,-0.26701593335281837,-0.666214485559408,-0.08886508274460608,1.2683107411766197,-0.991959153749367,0
-0.23844104415835116,-0.26728924212448335,-0.655522404238607,1.1687323438960546,-0.666214485559408,-0.20290781904430702,0.2919339569767947,-0.2219401061954496,0
0.6632691017080896,-0.7252800622292934,-3.517021858479192,-1.265797343612904,-0.666214485559408,-1.0138783882866265,-0.8384454745731609,-0.39305545009632015,0
-0.839581141402645,-0.9390091116115381,-0.14454035883850258,0.16995093363596903,0.1470469785422533,-0.45633612193253176,-0.9092866923542207,-0.991959153749367,0
-0.5390110927804981,0.3128324633416094,1.3884057773618108,-1.265797343612904,-0.666214485559408,-1.1532639548751498,-0.5982013447069577,-0.991959153749367,0
-0.5390110927804981,0.16016885664000605,-0.45112958607856524,-0.017320580787797003,0.5450259928898747,0.26593454129890814,-1.1526108751674264,-0.13638243424501434,0
-0.23844104415835116,-0.26728924212448335,-0.5533259951585862,0.6693416387660118,-0.2855389066182048,-0.2789363099107746,-0.09923276729253612,-0.9064014817989318,0
-0.23844104415835116,0.6792251194254575,0.5708345047216437,-0.3294397714940737,-0.666214485559408,0.08853472927715103,-0.8076449451031348,2.6014630681689144,0
-0.23844104415835116,0.16016885664000605,-0.5533259951585862,-1.265797343612904,-0.666214485559408,-0.012836591878138492,-0.9585675395062624,-0.7352861378980612,0
-0.5390110927804981,-1.0916727183131414,-0.9621116314786696,0.16995093363596903,-0.008683940115511627,-0.16489357361107368,1.5578357181948643,-0.991959153749367,0
-0.5390110927804981,0.5876269554044955,0.3153434820215914,-1.265797343612904,-0.666214485559408,-0.7731215005428127,-0.9092866923542207,-0.30749777814588486,0
-1.1401511900247918,-0.5420837341873694,0.8774237319617063,-0.20459209521156305,0.2422158732775541,-0.304279140199597,0.7169812636631536,-0.47861312204675543,0
-0.23844104415835116,-0.206223799443842,-0.9621116314786696,-0.6415589622003505,0.06918151921337083,-0.2789363099107746,0.5044576103199742,-0.649728465947626,0
-0.839581141402645,-0.6031491768680107,0.16204886840156008,-0.5167112859178398,-0.0605942463347666,-0.8111357459760464,0.6030193046240575,-0.39305545009632015,0
-1.1401511900247918,-0.7558127835696141,0.5708345047216437,1.5432753727435866,0.12974354313583497,0.6080627501980119,-0.4072380619927964,-0.5641707939971907,0
0.6632691017080896,0.5265615127238541,-0.4000313815385548,-1.265797343612904,-0.666214485559408,-0.9505213125645702,-0.9585675395062624,1.9170016925654323,0
-0.23844104415835116,-1.0916727183131414,0.16204886840156008,0.7317654769072671,-0.666214485559408,0.6967626562088909,-0.6012813976539604,-0.39305545009632015,0
-0.23844104415835116,-0.6336818982083314,-0.34893317699854437,-0.07974441892905235,-0.02598737552192995,-1.2546352760304398,-0.5643207622899291,-0.5641707939971907,0
-0.839581141402645,-0.11462563542288,0.05985245932153919,0.4820701243422458,-0.666214485559408,-0.5450360279434108,-0.7953247333151245,-0.991959153749367,0
1.8655492961966773,-0.14515835676320066,1.4906021864418315,-1.265797343612904,-0.666214485559408,-0.9758641428533926,1.724158577333005,0.12029058160629148,0
-0.839581141402645,-1.2443363250147448,0.5708345047216437,0.2947986099184797,-0.3461009305406689,-0.7984643308316355,0.3720153335988621,-0.9064014817989318,0
0.36269905308594264,-0.7558127835696141,0.16204886840156008,0.7941893150485225,-0.666214485559408,0.7601197319309471,-0.2840359441126923,-0.47861312204675543,0
0.36269905308594264,-0.7252800622292934,0.26424527748158094,-0.1421682570703077,-0.08654939944439409,0.24059171101008622,1.64715725365794,0.890309629160209,0
-0.5390110927804981,-0.4504855701664074,-0.5533259951585862,1.2311561820373098,0.1470469785422533,0.40532010788743195,-0.7306436214280697,-0.649728465947626,0
0.9638391503302365,-1.1832708823341036,0.46863809564162273,1.2311561820373098,-0.25093203580536816,1.9005470949279584,-0.619761715335976,0.8047519572097737,0
1.2644091989523834,-0.6336818982083314,0.7752273228816854,-1.265797343612904,-0.666214485559408,0.4686771836094881,-0.2285949910666454,1.4892133328132557,0
-0.839581141402645,1.3509449889125122,0.6730309138016645,1.418427696461076,-0.08654939944439409,0.1392203898547958,-0.3733574795757677,1.4892133328132557,0
-0.23844104415835116,0.9234868901480229,0.36644168656160186,-1.265797343612904,-0.666214485559408,-1.3560065971857296,-0.7860845744741167,0.3769635974575973,0
0.062129004463795746,2.114263022420529,2.103780640921957,0.6693416387660118,-0.666214485559408,-0.40565046135488697,0.6707804694581149,0.3769635974575973,0
-1.1401511900247918,-0.4504855701664074,-0.24673676791852348,1.2935800201785652,0.5623294282962931,1.2416335074185736,-0.8908063746722051,-0.9064014817989318,0
1.5649792475745303,-1.4580653743969896,0.46863809564162273,0.2947986099184797,-0.666214485559408,-0.012836591878138492,-0.5612407093429265,0.46252126940803256,0
-1.1401511900247918,-0.8779436689308968,0.5708345047216437,-1.265797343612904,-0.666214485559408,0.08853472927715103,0.427456286644909,-0.47861312204675543,0
-1.1401511900247918,0.007505249938402696,0.26424527748158094,-0.1421682570703077,-0.12115627025723073,-0.15222215846666226,-0.5458404446079137,-0.5641707939971907,0
0.9638391503302365,1.8089358090173224,1.3373075728218002,0.6693416387660118,-0.666214485559408,0.3166202018765538,-0.9185268511952285,2.3447900523176086,0
-0.839581141402645,-1.1832708823341036,0.26424527748158094,1.2935800201785652,-0.1730665764764857,1.8498614343503126,1.952082495411198,-0.050824762294579065,0
-0.839581141402645,-3.656421310900078,-0.04234394975848169,0.9190369913310332,-0.666214485559408,0.03784906869950627,-0.2255149381196428,-0.9064014817989318,0
-0.5390110927804981,-0.7863455049099348,0.36644168656160186,-0.1421682570703077,-0.09520111714760325,-0.012836591878138492,0.575298828101034,-0.8208438098484965,0
0.062129004463795746,-0.6947473408889727,-0.45112958607856524,0.16995093363596903,-0.666214485559408,-0.4436647067881208,-0.05919207898150224,-0.9064014817989318,0
0.6632691017080896,1.4120104315931536,0.26424527748158094,-1.265797343612904,-0.666214485559408,-0.6464073490987003,-0.48731943861486415,2.85813608402022,0
-0.839581141402645,-3.656421310900078,0.26424527748158094,-0.017320580787797003,-0.46722497838559723,-0.5070217825101769,-0.5027197033498771,-0.991959153749367,0
1.8655492961966773,1.8089358090173224,0.05985245932153919,-1.265797343612904,-0.666214485559408,0.4306629381762548,-0.8076449451031348,0.3769635974575973,0
-1.1401511900247918,-0.5420837341873694,-0.8599152223986488,-1.265797343612904,-0.666214485559408,-0.8364785762648689,-1.1834114046374524,-0.991959153749367,0
0.9638391503302365,0.9234868901480229,-0.14454035883850258,1.3560038583198206,2.2926729689381253,0.37997727759861,0.7878224814442135,0.8047519572097737,0
-0.23844104415835116,-0.5420837341873694,-1.2687008587187323,-0.017320580787797003,0.1470469785422533,-0.11420791303342846,-0.19163435570261414,-0.5641707939971907,0
1.8655492961966773,-1.3664672103760276,0.6730309138016645,-1.265797343612904,-0.666214485559408,0.20257746557685197,-0.6136016094419708,0.46252126940803256,0
0.062129004463795746,-0.8779436689308968,0.05985245932153919,0.7317654769072671,0.09513667232299831,0.17723463528803005,-0.049951920140494425,-0.9064014817989318,0
-1.1401511900247918,0.8013560047867402,0.6730309138016645,-1.265797343612904,-0.666214485559408,1.1149193559744612,4.061918764107981,0.9758673011106442,0
-1.1401511900247918,-0.57261645552769,-0.19563856337851301,0.4820701243422458,-0.666214485559408,-0.8998356519869251,-0.6936829860640386,-0.9064014817989318,0
0.9638391503302365,-0.023027471401917975,-3.517021858479192,-1.265797343612904,-0.666214485559408,-0.8238071611204578,-0.7799244685801116,0.3769635974575973,0
-0.839581141402645,-0.9084763902712175,-0.34893317699854437,-0.5167112859178398,-0.29419062432141396,-0.5703788582322331,0.36277517475785426,-0.7352861378980612,0
-0.23844104415835116,-0.14515835676320066,-0.14454035883850258,1.1687323438960546,0.5450259928898747,0.8108053925085918,-0.9616475924532649,-0.39305545009632015,0
-0.839581141402645,-1.0000745542921794,0.46863809564162273,0.4196462862009904,-0.3893595190567148,0.3673058624541986,-1.1125701868563926,-0.9064014817989318,0
-0.5390110927804981,-1.1832708823341036,0.16204886840156008,-0.3294397714940737,-0.008683940115511627,-0.20290781904430702,0.2611334275067686,-0.649728465947626,0
-0.839581141402645,-1.4885980957373102,-1.0643080405586907,-0.1421682570703077,-0.008683940115511627,-1.4320350880521973,-0.4287984326218146,-0.9064014817989318,0
0.062129004463795746,-0.7252800622292934,-0.655522404238607,-0.20459209521156305,-0.242280318102159,-1.3813494274745521,-0.3764375325227703,-0.5641707939971907,0
-0.839581141402645,-0.8474109475905761,-0.34893317699854437,0.2947986099184797,-0.3114940597278323,-1.5460778243518982,0.06092998595159922,-0.649728465947626,0
0.6632691017080896,1.0456177755093055,0.26424527748158094,0.7317654769072671,1.0035670311599603,-0.304279140199597,1.1605088880315286,0.5480789413584678,0
1.5649792475745303,-0.8779436689308968,-0.04234394975848169,-1.265797343612904,-0.666214485559408,-0.9505213125645702,-0.8076449451031348,2.173674708416738,0
1.5649792475745303,-0.4199528488260867,-0.8599152223986488,-1.265797343612904,-0.666214485559408,-0.0635222524557837,-0.25323541464266625,0.8047519572097737,0
-0.23844104415835116,-0.9084763902712175,0.46863809564162273,-1.265797343612904,-0.666214485559408,1.393690489151509,0.29809406287079987,-0.991959153749367,0
-1.1401511900247918,-0.023027471401917975,-0.14454035883850258,0.4196462862009904,-0.666214485559408,0.8995052985194699,-0.6259218212299812,-0.9064014817989318,0
0.062129004463795746,-0.8474109475905761,0.5708345047216437,-1.265797343612904,-0.666214485559408,1.3303334134294527,-0.6936829860640386,-0.30749777814588486,0
-0.23844104415835116,1.1677486608705883,-0.24673676791852348,-0.4542874477765844,2.6820002655825377,-0.0635222524557837,-0.5150399151378876,-0.7352861378980612,0
-0.839581141402645,-0.6947473408889727,0.05985245932153919,1.2311561820373098,-0.666214485559408,0.8108053925085918,-0.752203992057088,-0.2219401061954496,0
1.2644091989523834,0.19070157798032672,0.26424527748158094,1.1063085057547992,-0.01733565781872079,-0.7351072551095793,-0.9246869570892337,0.5480789413584678,0
-0.5390110927804981,-1.9465889158421203,-0.655522404238607,0.4820701243422458,-0.27688718891499564,-0.9505213125645702,-0.40107795609879116,-0.9064014817989318,0
-0.839581141402645,-0.26728924212448335,1.2862093682817899,-1.265797343612904,-0.666214485559408,0.1392203898547958,-0.6074415035479656,1.0614249730610794,0
0.9638391503302365,-0.4199528488260867,1.184012959201769,-0.1421682570703077,-0.666214485559408,-1.1405925397307388,-0.6998430919580437,1.3180979889123854,0
0.36269905308594264,0.19070157798032672,0.46863809564162273,0.4196462862009904,-0.4758766960888064,-0.2662648947663632,-0.07151229076951267,0.6336366133089031,0
-0.839581141402645,-0.8779436689308968,-0.7577188133186279,0.2947986099184797,0.19895728476150826,-0.8238071611204578,-0.7029231449050463,-0.8208438098484965,0
1.2644091989523834,-0.29782196346480405,0.36644168656160186,-1.265797343612904,-0.666214485559408,-0.49435036736576554,-0.6936829860640386,2.173674708416738,0
-0.5390110927804981,0.2212342993206474,-1.1665044496387114,0.04510325735345835,2.2321109450156613,0.34196303216537577,-0.8815662158311973,-0.9064014817989318,0
-0.5390110927804981,-1.0000745542921794,-3.517021858479192,0.16995093363596903,-0.666214485559408,-0.35496480077724224,0.9572253935293569,-0.649728465947626,0
-0.839581141402645,-0.6947473408889727,-0.04234394975848169,0.04510325735345835,-0.666214485559408,-0.5703788582322331,1.949002442464195,-0.9064014817989318,0
0.6632691017080896,-1.2138036036744242,0.5708345047216437,0.9814608294722885,-0.666214485559408,1.0262194499635824,-0.8784861628841948,-0.39305545009632015,0
-1.1401511900247918,0.5265615127238541,-0.04234394975848169,-0.39186360963532907,0.614239734515548,-0.8744928216981026,-0.9832079630822832,-0.991959153749367,0
2.1661193448188243,-0.5115510128470487,-0.04234394975848169,1.2311561820373098,-0.666214485559408,1.837190019205902,-1.0355688631813276,0.8047519572097737,0
-0.839581141402645,0.5570942340641748,0.6730309138016645,-1.265797343612904,-0.666214485559408,1.0642336953968166,-0.6967630390110412,-0.39305545009632015,0
-1.1401511900247918,-0.48101829150672804,-0.24673676791852348,0.16995093363596903,0.3373847680128549,-0.49435036736576554,-0.025311496564473575,-0.8208438098484965,0
0.6632691017080896,-1.0611399969728208,0.46863809564162273,-1.265797343612904,-0.666214485559408,-0.0635222524557837,-0.24707530874866104,0.8047519572097737,0
0.36269905308594264,-0.08409291408255933,0.8774237319617063,0.6069178006247564,0.2422158732775541,0.9375195439527042,-0.6505622448060021,0.8047519572097737,0
-0.5390110927804981,-0.3283546848051247,1.184012959201769,-1.265797343612904,-0.666214485559408,1.393690489151509,1.1789892057135443,1.831444020614997,0
-0.5390110927804981,0.25176702066096807,-0.24673676791852348,1.3560038583198206,-0.666214485559408,1.0515622802524052,1.9674827601462106,-0.7352861378980612,0
0.062129004463795746,-0.6336818982083314,-0.04234394975848169,1.1063085057547992,-0.666214485559408,0.1392203898547958,-0.977047857188278,0.03473290965585621,0
-0.839581141402645,-0.38942012748576604,-0.04234394975848169,-0.07974441892905235,-0.666214485559408,-0.6590787642431117,-0.9154467982482258,-0.7352861378980612,0
1.8655492961966773,0.5876269554044955,0.5708345047216437,-1.265797343612904,-0.666214485559408,-0.5830502733766441,3.014700762127096,2.088117036466303,0
-0.839581141402645,0.25176702066096807,0.6730309138016645,-0.20459209521156305,0.9170498541278688,-0.5323646127989994,-1.069449445598356,-0.9064014817989318,0
-0.839581141402645,0.3128324633416094,0.05985245932153919,-0.4542874477765844,0.2422158732775541,-0.7351072551095793,0.030129456481573162,-0.9064014817989318,0
-0.839581141402645,-0.6947473408889727,-0.24673676791852348,-0.07974441892905235,0.04322636610374334,-1.7108062212292443,-0.5027197033498771,-0.991959153749367,0
0.6632691017080896,-0.17569107810352133,-3.517021858479192,-1.265797343612904,-0.666214485559408,-4.017003777512089,-0.8415255275201635,-0.5641707939971907,0
-0.839581141402645,-0.6336818982083314,-0.5533259951585862,-0.6415589622003505,-0.666214485559408,-0.7984643308316355,0.27345363929477906,-0.991959153749367,0
-0.5390110927804981,-1.0916727183131414,-3.517021858479192,-1.265797343612904,-0.666214485559408,-4.017003777512089,-0.48731943861486415,-0.991959153749367,0
1.8655492961966773,0.06857069261904404,-0.04234394975848169,-1.265797343612904,-0.666214485559408,-0.0635222524557837,-0.6290018741769838,0.7191942852593384,0
-1.1401511900247918,-0.5420837341873694,0.3153434820215914,0.16995093363596903,-0.666214485559408,-4.017003777512089,0.3381347511818334,-0.991959153749367,0
-0.5390110927804981,-1.3664672103760276,-0.24673676791852348,0.23237477177722438,-0.19037001188290403,-0.2535934796219522,-0.2840359441126923,0.03473290965585621,0
-0.839581141402645,0.12963613529968537,-0.45112958607856524,0.7317654769072671,-0.666214485559408,0.5193628441871329,0.1594916802556826,-0.991959153749367,0
-0.839581141402645,-1.2443363250147448,0.3153434820215914,0.6069178006247564,-0.666214485559408,0.03784906869950627,-0.20395456749062454,-0.9064014817989318,0
2.1661193448188243,0.5570942340641748,0.36644168656160186,-1.265797343612904,-0.666214485559408,0.18990605043244146,-0.13003329676256217,0.20584825355672676,0
-1.1401511900247918,-0.08409291408255933,-3.517021858479192,-1.265797343612904,-0.666214485559408,0.26593454129890814,1.446953812102771,0.9758673011106442,0
0.062129004463795746,-0.29782196346480405,1.184012959201769,-1.265797343612904,-0.666214485559408,0.7474483167865357,-0.8353654216261582,-0.2219401061954496,0
-0.5390110927804981,-0.6336818982083314,0.05985245932153919,-0.26701593335281837,-0.2855389066182048,-1.4320350880521973,-0.6998430919580437,-0.47861312204675543,0
-1.1401511900247918,-1.2748690463550656,0.9796201410417271,0.5444939624835011,-0.32014577743104145,0.6587484107756566,-0.0869125555045257,-0.991959153749367,0
-1.1401511900247918,-0.48101829150672804,0.36644168656160186,-1.265797343612904,-0.666214485559408,-1.685463390940422,0.3689352806518595,-0.47861312204675543,0
0.6632691017080896,0.28229974200128877,1.081816550121748,-0.8288304766241165,2.1542454856867788,-1.5334064092074868,0.3689352806518595,2.3447900523176086,0
-0.839581141402645,-0.7558127835696141,-0.45112958607856524,-0.1421682570703077,-0.16441485877327655,-0.988535557997804,-0.6228417682829787,-0.9064014817989318,0
-0.839581141402645,1.1372159395302677,0.16204886840156008,0.04510325735345835,0.7872740885797312,-0.7731215005428127,-1.0448090220223354,-0.7352861378980612,0
-0.5390110927804981,-0.23675652078416268,-0.04234394975848169,0.10752709549471369,0.1470469785422533,0.30394878673214243,-0.45343885619783547,-0.5641707939971907,0
-0.5390110927804981,1.6868049236560396,0.9796201410417271,-1.265797343612904,-0.666214485559408,-1.1152497094419165,-0.4195582737808068,-0.9064014817989318,0
-0.839581141402645,-0.8168782262502554,0.05985245932153919,0.6693416387660118,-0.666214485559408,-0.16489357361107368,-0.45343885619783547,-0.8208438098484965,0
-0.839581141402645,-0.9695418329518588,0.46863809564162273,0.5444939624835011,-0.008683940115511627,0.03784906869950627,-0.29943620884770533,-0.30749777814588486,0
2.1661193448188243,0.2212342993206474,1.8993878227619152,-1.265797343612904,-0.666214485559408,0.9248481288082928,-0.8384454745731609,1.5747710047636911,0
-0.839581141402645,0.03803797127872337,0.46863809564162273,1.1687323438960546,-0.02598737552192995,0.9248481288082928,-0.619761715335976,-0.39305545009632015,0
-0.839581141402645,0.9540196114883436,-0.45112958607856524,-1.265797343612904,-0.666214485559408,-0.7097644248207565,-0.8723260569901895,-0.9064014817989318,0
1.2644091989523834,-1.6717944237792344,0.16204886840156008,0.16995093363596903,-0.666214485559408,0.03784906869950627,0.4243762336979064,0.8047519572097737,0
-0.5390110927804981,-0.9084763902712175,0.5708345047216437,-0.39186360963532907,-0.19037001188290403,-0.9251784822757478,-0.6567223507000073,-0.7352861378980612,0
-1.1401511900247918,1.6257394809753982,0.46863809564162273,0.7317654769072671,1.62649070579102,1.8752042646391356,2.1461258310723617,2.173674708416738,0
-0.839581141402645,-0.5115510128470487,-1.9840757222788785,1.1063085057547992,0.05187808380695251,1.4697189800179755,-0.8600058452021792,0.03473290965585621,0
-1.1401511900247918,0.19070157798032672,0.8774237319617063,0.4196462862009904,0.37199163882569153,-0.5450360279434108,0.16257173320268523,-0.991959153749367,0
-0.839581141402645,0.7402905621060988,0.6730309138016645,1.2311561820373098,-0.666214485559408,1.2162906771297508,0.4459366043269246,-0.39305545009632015,0
0.6632691017080896,-0.8779436689308968,-3.517021858479192,-1.265797343612904,-0.666214485559408,-0.24092206447754083,0.11945099194464874,-0.13638243424501434,0
-1.1401511900247918,-0.053560192742238645,-0.24673676791852348,0.16995093363596903,0.10378839002620747,-4.017003777512089,3.9079161167578516,-0.991959153749367,0
-0.5390110927804981,-0.14515835676320066,-0.24673676791852348,0.10752709549471369,-0.666214485559408,-0.11420791303342846,-0.12695324381555959,-0.991959153749367,0
0.062129004463795746,-0.6336818982083314,0.16204886840156008,-0.20459209521156305,-0.666214485559408,-0.7731215005428127,-0.5181199680848901,-0.39305545009632015,0
-0.839581141402645,0.3128324633416094,-0.45112958607856524,0.16995093363596903,0.8045775239861496,-0.3929790462104756,0.7077411048221458,-0.991959153749367,0
-0.23844104415835116,0.25176702066096807,0.46863809564162273,-1.265797343612904,-0.666214485559408,-1.3433351820413182,-0.5982013447069577,1.9170016925654323,0
-0.5390110927804981,-0.38942012748576604,0.26424527748158094,0.6069178006247564,0.19895728476150826,0.24059171101008622,-0.1793141439146037,-0.8208438098484965,0
1.5649792475745303,1.0456177755093055,0.46863809564162273,0.6069178006247564,0.19895728476150826,-0.1015364978890175,-0.9185268511952285,1.0614249730610794,0
0.6632691017080896,0.09910341395936471,0.16204886840156008,1.5432753727435866,1.3236805861786993,0.24059171101008622,0.8340232756492526,0.12029058160629148,0
-0.23844104415835116,-0.7252800622292934,0.46863809564162273,1.1687323438960546,-0.666214485559408,0.7094340713533014,-0.6906029331170359,0.6336366133089031,0
2.466689393440971,0.6181596767448161,0.8263255274216958,0.7941893150485225,-0.666214485559408,0.7221054864977129,-0.6721226154350203,0.7191942852593384,0
0.6632691017080896,-0.3283546848051247,-0.45112958607856524,0.4196462862009904,-0.666214485559408,-0.8491499914092803,-0.7891646274211194,-0.47861312204675543,0
-0.5390110927804981,-0.6642146195486521,-0.45112958607856524,-0.20459209521156305,0.37199163882569153,0.37997727759861,-0.8138050509971401,-0.9064014817989318,0
-0.5390110927804981,-0.8474109475905761,0.36644168656160186,-0.017320580787797003,-0.666214485559408,-0.9505213125645702,3.8062743695067645,-0.39305545009632015,0
-0.839581141402645,-1.4885980957373102,0.46863809564162273,1.8553945634498634,-0.27688718891499564,0.18990605043244146,-0.12387319086855697,-0.991959153749367,0
-1.1401511900247918,-0.5420837341873694,0.46863809564162273,1.2311561820373098,0.11244010772941665,0.35463444730978716,-0.6906029331170359,-0.7352861378980612,0
-1.1401511900247918,-0.6947473408889727,-0.24673676791852348,0.9814608294722885,0.19895728476150826,0.6460769956312452,0.4243762336979064,-0.649728465947626,0
-0.5390110927804981,-0.9084763902712175,-0.45112958607856524,-1.265797343612904,-0.666214485559408,-1.0392212185754488,-0.8353654216261582,-0.649728465947626,0
-1.1401511900247918,-0.57261645552769,-0.34893317699854437,-1.265797343612904,-0.666214485559408,-1.2419638608860288,-0.38875774431078075,-0.649728465947626,0
-0.23844104415835116,-0.11462563542288,-3.517021858479192,-1.265797343612904,-0.666214485559408,-1.0392212185754488,-0.8476856334141687,-0.8208438098484965,0
1.8655492961966773,0.40443062736257146,-0.04234394975848169,-1.265797343612904,-0.666214485559408,-0.5957216885210556,-0.6690425624880177,0.29140592550716204,0
-0.5390110927804981,-0.35888740614544534,-0.34893317699854437,-0.6415589622003505,1.738963035932739,-0.8111357459760464,1.289871111805638,-0.9064014817989318,0
-0.839581141402645,-1.2138036036744242,-0.7066206087786174,-1.265797343612904,-0.666214485559408,-1.596763484929543,-0.6290018741769838,-0.991959153749367,0
0.36269905308594264,0.03803797127872337,0.16204886840156008,0.16995093363596903,0.3027778972000182,-0.6970930096763455,-0.6690425624880177,-0.2219401061954496,0
-0.23844104415835116,-1.1527381609937828,0.05985245932153919,-1.265797343612904,-0.666214485559408,-1.3433351820413182,-0.2255149381196428,-0.649728465947626,0
-0.5390110927804981,0.6486923980851368,-0.5533259951585862,0.8566131531897778,0.4412053804513648,-0.7984643308316355,0.7293014754511641,-0.7352861378980612,0
0.6632691017080896,-0.08409291408255933,1.3884057773618108,-1.265797343612904,-0.666214485559408,-0.38030763106606463,-0.9400872218242468,-0.2219401061954496,0
0.062129004463795746,0.007505249938402696,-0.04234394975848169,-1.265797343612904,-0.666214485559408,-0.2662648947663632,0.7601020049211901,0.12029058160629148,0
0.6632691017080896,-0.26728924212448335,-0.24673676791852348,1.1687323438960546,-0.666214485559408,0.3166202018765538,-0.6228417682829787,-0.7352861378980612,0
-0.5390110927804981,-1.3969999317163482,-3.517021858479192,-1.265797343612904,-0.666214485559408,-4.017003777512089,-1.10949013390939,-0.9064014817989318,0
0.062129004463795746,0.37389790602225076,0.8774237319617063,0.6693416387660118,-0.666214485559408,-0.46900753707694315,-0.1331133497095648,2.6014630681689144,0
0.062129004463795746,0.28229974200128877,0.8774237319617063,-0.017320580787797003,1.6697492943070658,0.4306629381762548,-0.7121633037460541,-0.8208438098484965,0
0.36269905308594264,-0.9695418329518588,0.46863809564162273,0.6069178006247564,-0.666214485559408,-0.5196931976545879,-0.6290018741769838,0.3769635974575973,0
-0.839581141402645,-0.3283546848051247,-0.45112958607856524,-0.7664066384828612,0.9083981364246596,-0.7984643308316355,1.4931546063078096,-0.991959153749367,0
0.062129004463795746,-1.0611399969728208,-0.5533259951585862,0.10752709549471369,-0.242280318102159,-0.49435036736576554,-0.4811593327208589,-0.39305545009632015,0
-0.23844104415835116,0.8624214474673815,-0.14454035883850258,0.2947986099184797,-0.666214485559408,0.10120614442156245,-0.635161980070989,-0.9064014817989318,0
-1.1401511900247918,-0.5420837341873694,-0.24673676791852348,1.605699210884842,0.008619495290906696,1.1275907711188728,0.10405072720963571,-0.991959153749367,0
-0.5390110927804981,-1.5801962597582722,-0.34893317699854437,-0.4542874477765844,-0.5364387200112706,-1.4700493334854305,-0.6320819271239865,-0.8208438098484965,0
-0.5390110927804981,-1.5801962597582722,0.05985245932153919,0.7317654769072671,-0.09520111714760325,-0.8491499914092803,-0.8476856334141687,-0.649728465947626,0
1.5649792475745303,0.12963613529968537,0.05985245932153919,0.7941893150485225,2.811776031130675,0.4686771836094881,-0.5550806034489215,0.12029058160629148,0
-0.5390110927804981,-0.23675652078416268,0.8774237319617063,1.3560038583198206,0.718060346954058,0.8488196379418252,-0.6659625095410151,-0.39305545009632015,0
0.36269905308594264,-1.427532653056669,-0.45112958607856524,-1.265797343612904,-0.666214485559408,-0.6210645188098779,-0.5982013447069577,-0.47861312204675543,0
-0.5390110927804981,-1.0611399969728208,-0.19563856337851301,-1.265797343612904,-0.666214485559408,1.0008766196747605,1.4407937062087657,-0.47861312204675543,0
-0.5390110927804981,-0.29782196346480405,0.26424527748158094,0.5444939624835011,0.41525022734173733,0.08853472927715103,0.7262214225041614,-0.47861312204675543,0
0.36269905308594264,-0.9695418329518588,-0.14454035883850258,0.04510325735345835,-0.46722497838559723,-0.9251784822757478,-0.3702774266287651,-0.2219401061954496,0
-0.23844104415835116,-1.1222054396534622,-0.5533259951585862,0.6693416387660118,-0.510483566901643,0.3292916170209643,-0.38875774431078075,-0.649728465947626,0
0.6632691017080896,-0.5115510128470487,-0.14454035883850258,-1.265797343612904,-0.666214485559408,-0.9378498974201588,-0.6567223507000073,-0.30749777814588486,0
-0.5390110927804981,-0.6031491768680107,0.05985245932153919,1.980242239732374,-0.1730665764764857,1.1149193559744612,0.661540310617107,-0.649728465947626,0
0.6632691017080896,-1.0000745542921794,0.5708345047216437,-1.265797343612904,-0.666214485559408,-1.0772354640086825,-1.1649310869554368,-0.050824762294579065,0
-0.839581141402645,2.2363939077818116,-0.9621116314786696,-0.26701593335281837,2.5781796531440277,-0.7351072551095793,0.5937791457830497,-0.7352861378980612,0
-1.1401511900247918,0.4349633487028921,-0.5533259951585862,-0.017320580787797003,1.8514353660744582,-0.6717501793875231,-0.3394768971587392,-0.991959153749367,0
0.6632691017080896,-0.8168782262502554,-0.9621116314786696,0.6069178006247564,-0.11250455255402157,-0.38030763106606463,-0.3271566853707288,-0.8208438098484965,0
-0.839581141402645,0.7097578407657782,0.26424527748158094,0.10752709549471369,-0.13845970566364907,-0.6970930096763455,-0.635161980070989,-0.991959153749367,0
0.36269905308594264,-0.48101829150672804,0.26424527748158094,-1.265797343612904,-0.666214485559408,-0.3676362159216532,-0.9524074336122571,1.3180979889123854,0
0.6632691017080896,-0.5420837341873694,1.081816550121748,1.1687323438960546,-0.666214485559408,0.5066914290427224,0.6523001517760992,-0.39305545009632015,0
-0.839581141402645,-1.1527381609937828,-0.24673676791852348,-0.4542874477765844,0.15569869624546245,-1.3306637668969072,-0.14543356149757522,-0.8208438098484965,0
-1.1401511900247918,-0.6336818982083314,-3.517021858479192,-1.265797343612904,-0.666214485559408,-0.8491499914092803,-0.6444021389119968,-0.9064014817989318,0
1.8655492961966773,-0.8474109475905761,-0.34893317699854437,-1.265797343612904,-0.666214485559408,-0.7351072551095793,-0.9092866923542207,-0.13638243424501434,0
0.062129004463795746,1.0456177755093055,0.16204886840156008,0.5444939624835011,0.4239019450449465,-0.05085083731137229,-0.3825976384167755,0.3769635974575973,0
-0.5390110927804981,0.28229974200128877,0.7752273228816854,-1.265797343612904,-0.666214485559408,-0.46900753707694315,-0.5489204975549162,-0.47861312204675543,0
-0.839581141402645,-0.26728924212448335,0.8774237319617063,-0.07974441892905235,-0.666214485559408,-0.20290781904430702,-0.9832079630822832,-0.8208438098484965,0
-0.839581141402645,-0.38942012748576604,0.16204886840156008,0.6069178006247564,0.04322636610374334,-0.11420791303342846,1.1050679349854817,-0.7352861378980612,0
-0.5390110927804981,-1.1527381609937828,-0.8599152223986488,0.10752709549471369,0.3287330503096457,-0.40565046135488697,3.809354422453768,-0.649728465947626,0
0.062129004463795746,-0.17569107810352133,-0.24673676791852348,-1.265797343612904,-0.666214485559408,-0.35496480077724224,-1.0355688631813276,-0.7352861378980612,0
-1.1401511900247918,0.6486923980851368,0.7752273228816854,0.3572224480597351,-0.666214485559408,0.08853472927715103,-0.0899926084515283,-0.9064014817989318,0
-0.5390110927804981,-0.023027471401917975,-3.517021858479192,-1.265797343612904,-0.666214485559408,-1.5334064092074868,1.1389485174025102,3.3714821157228316,0
-0.23844104415835116,0.12963613529968537,0.5708345047216437,0.7941893150485225,0.45850881585778314,0.18990605043244146,-0.4842393856678615,-0.5641707939971907,0
-0.839581141402645,-1.0611399969728208,-0.14454035883850258,0.5444939624835011,-0.666214485559408,-0.6464073490987003,-0.34255695010574183,-0.13638243424501434,0
-0.23844104415835116,0.3128324633416094,-0.24673676791852348,-1.265797343612904,-0.666214485559408,-1.0899068791530935,-0.45651890914483806,-0.9064014817989318,0
0.062129004463795746,1.0456177755093055,-0.34893317699854437,0.6693416387660118,1.790873342151994,0.1392203898547958,-0.6936829860640386,-0.8208438098484965,0
0.062129004463795746,-0.053560192742238645,0.05985245932153919,-1.265797343612904,-0.666214485559408,1.6217759617509109,1.3607123295866979,-0.5641707939971907,0
-1.1401511900247918,0.2212342993206474,0.5708345047216437,1.0438846676135438,1.150646232114516,0.582719919909189,1.0527070348864376,-0.8208438098484965,0
0.062129004463795746,0.09910341395936471,0.5708345047216437,-0.3294397714940737,0.8564878302054046,0.03784906869950627,-0.05919207898150224,0.12029058160629148,0
0.36269905308594264,0.8318887261270609,0.46863809564162273,-1.265797343612904,-0.666214485559408,0.25326312615449764,-0.752203992057088,2.7725784120697847,0
0.062129004463795746,0.6486923980851368,0.26424527748158094,-1.265797343612904,-0.666214485559408,-0.5196931976545879,-0.6721226154350203,0.6336366133089031,0
-1.1401511900247918,-1.427532653056669,-3.517021858479192,-1.265797343612904,-0.666214485559408,-1.3433351820413182,-0.3702774266287651,-0.649728465947626,0
-0.23844104415835116,1.839468530357643,-0.24673676791852348,0.2947986099184797,-0.0605942463347666,0.291277371587731,-0.5889611858659499,-0.5641707939971907,0
-0.23844104415835116,-1.1832708823341036,0.8774237319617063,-0.26701593335281837,-0.09520111714760325,-0.5323646127989994,-0.4811593327208589,-0.9064014817989318,0
-0.839581141402645,-0.9084763902712175,-0.34893317699854437,-0.1421682570703077,-0.1557631410700674,-0.8364785762648689,2.4818516022956456,-0.649728465947626,0
-0.5390110927804981,-0.7252800622292934,-0.04234394975848169,-0.4542874477765844,-0.242280318102159,-1.3433351820413182,0.5691387222070289,-0.5641707939971907,0
-1.1401511900247918,-0.17569107810352133,0.5708345047216437,0.8566131531897778,1.7995250598552033,1.5837617163176774,-0.9092866923542207,-0.47861312204675543,0
-0.839581141402645,-1.427532653056669,-0.9621116314786696,-0.6415589622003505,-0.666214485559408,-1.1025782942975049,-0.6598024036470099,-0.991959153749367,0
-0.5390110927804981,-0.35888740614544534,-0.24673676791852348,-1.265797343612904,-0.666214485559408,-0.11420791303342846,-0.9370071688772441,-0.991959153749367,0
-0.23844104415835116,-0.9390091116115381,0.26424527748158094,-0.26701593335281837,0.06918151921337083,-0.16489357361107368,0.27345363929477906,0.46252126940803256,0
-1.1401511900247918,-0.7558127835696141,-0.24673676791852348,1.1687323438960546,0.2422158732775541,1.6344473768953223,-0.29635615590070274,-0.9064014817989318,0
-1.1401511900247918,-0.6642146195486521,0.6730309138016645,-0.3294397714940737,0.06052980151016167,-0.8238071611204578,-0.5027197033498771,-0.9064014817989318,0
-1.1401511900247918,0.37389790602225076,0.46863809564162273,-1.265797343612904,-0.666214485559408,0.08853472927715103,-0.21319472633163236,-0.991959153749367,0
-0.23844104415835116,-0.4199528488260867,0.16204886840156008,-1.265797343612904,-0.666214485559408,-0.7477786702539903,-0.7860845744741167,-0.47861312204675543,0
-0.23844104415835116,-0.26728924212448335,1.081816550121748,-0.5167112859178398,0.008619495290906696,-0.4183218764992984,0.1009706742626331,-0.30749777814588486,0
-0.5390110927804981,-0.6336818982083314,-3.517021858479192,-1.265797343612904,-0.666214485559408,-1.2039496154527949,-1.0910098162273745,-0.8208438098484965,0
0.36269905308594264,-0.26728924212448335,0.16204886840156008,0.4820701243422458,-0.666214485559408,-0.988535557997804,-0.17007398507359606,-0.47861312204675543,0
-0.5390110927804981,-1.4885980957373102,0.05985245932153919,0.4196462862009904,-0.666214485559408,-0.46900753707694315,0.3812554924398699,-0.9064014817989318,0
0.9638391503302365,-0.7863455049099348,-0.24673676791852348,0.2947986099184797,0.01727121299411586,0.20257746557685197,0.8494235403842657,0.7191942852593384,0
0.9638391503302365,0.5265615127238541,1.081816550121748,1.2935800201785652,-0.666214485559408,0.03784906869950627,-0.2193548322256376,0.5480789413584678,0
-1.1401511900247918,-0.08409291408255933,-0.14454035883850258,0.6693416387660118,0.9603084426439146,-0.11420791303342846,0.09481056836862789,-0.9064014817989318,0
-0.5390110927804981,-0.4199528488260867,-0.655522404238607,0.4196462862009904,0.7613189354701038,-0.3422933856328308,-0.11155297908054654,-0.9064014817989318,0
0.062129004463795746,-1.3359344890357068,-0.34893317699854437,-1.265797343612904,-0.666214485559408,0.291277371587731,-0.2193548322256376,-0.649728465947626,0
-0.839581141402645,-0.08409291408255933,0.9796201410417271,0.23237477177722438,0.5882845814059205,0.35463444730978716,-0.18239419686160632,0.6336366133089031,1
1.5649792475745303,0.9845523328286642,0.46863809564162273,0.8566131531897778,0.8132292416893587,0.3166202018765538,1.3268317471696693,0.03473290965585621,1
0.062129004463795746,1.931066694378605,-3.517021858479192,-1.265797343612904,-0.666214485559408,-0.4183218764992984,-0.7706843097391037,0.29140592550716204,1
-1.1401511900247918,1.8700012516979636,0.9796201410417271,1.4808515346023312,3.7461615430772643,1.4697189800179755,-0.7398837802690775,-0.5641707939971907,1
-0.839581141402645,1.4425431529334742,0.26424527748158094,-0.20459209521156305,0.5796328637027114,-1.0518926337198602,-0.04687186719349182,0.03473290965585621,1
-1.1401511900247918,2.389057514483415,-0.14454035883850258,0.7317654769072671,1.7043561651199024,1.2162906771297508,0.12253104489165134,-0.39305545009632015,1
-0.23844104415835116,0.5876269554044955,-0.7577188133186279,-1.265797343612904,-0.666214485559408,-0.7731215005428127,-0.1854742498086089,-0.9064014817989318,1
-1.1401511900247918,-0.023027471401917975,-3.517021858479192,-1.265797343612904,-0.666214485559408,0.08853472927715103,-0.9893680689762884,-0.7352861378980612,1
-0.839581141402645,-0.7558127835696141,0.6730309138016645,0.2947986099184797,0.8910947010182413,0.41799152303184334,-0.7060031978520489,0.890309629160209,1
0.9638391503302365,-0.17569107810352133,-0.14454035883850258,-1.265797343612904,-0.666214485559408,0.1392203898547958,-0.6290018741769838,0.8047519572097737,1
3.067829490685265,1.6868049236560396,-0.34893317699854437,0.6069178006247564,-0.666214485559408,0.24059171101008622,-0.7706843097391037,0.46252126940803256,1
-1.1401511900247918,0.8013560047867402,0.05985245932153919,-1.265797343612904,-0.666214485559408,0.7854625622197691,-0.3949178502047859,-0.39305545009632015,1
2.1661193448188243,0.5570942340641748,0.26424527748158094,0.3572224480597351,0.5796328637027114,0.5573770896203671,0.2919339569767947,1.4892133328132557,1
0.9638391503302365,1.1982813822109089,-0.14454035883850258,-1.265797343612904,-0.666214485559408,-0.16489357361107368,-0.24399525580165843,0.29140592550716204,1
-0.23844104415835116,1.6257394809753982,0.46863809564162273,1.1687323438960546,0.9343532895342871,0.26593454129890814,1.5639958240888696,-0.13638243424501434,1
-0.23844104415835116,0.03803797127872337,-0.8599152223986488,-1.265797343612904,-0.666214485559408,0.5447056744759557,-1.0324888102343248,-0.649728465947626,1
1.2644091989523834,-0.4504855701664074,1.5927985955218524,0.9814608294722885,-0.666214485559408,1.4697189800179755,-0.6875228801700334,1.0614249730610794,1
2.1661193448188243,0.49602879138353345,0.7752273228816854,0.9190369913310332,0.45850881585778314,-0.43099329164370936,-0.6228417682829787,0.8047519572097737,1
1.2644091989523834,0.16016885664000605,1.3884057773618108,-1.265797343612904,-0.666214485559408,-4.017003777512089,-0.7090832507990515,1.831444020614997,1
1.8655492961966773,-0.14515835676320066,-3.517021858479192,-1.265797343612904,-0.666214485559408,-4.017003777512089,-0.619761715335976,-0.2219401061954496,1
1.5649792475745303,0.7708232834464195,0.9796201410417271,0.8566131531897778,0.7613189354701038,-0.17756498875548465,0.9510652876353517,1.7458863486645617,1
-0.5390110927804981,1.1677486608705883,1.081816550121748,-1.265797343612904,-0.666214485559408,-0.012836591878138492,1.0557870878334403,2.85813608402022,1
2.466689393440971,0.9540196114883436,0.05985245932153919,1.2311561820373098,1.678401012010275,1.279647752851807,0.8617437521722761,0.46252126940803256,1
0.36269905308594264,-0.6947473408889727,0.36644168656160186,0.4196462862009904,-0.666214485559408,0.49402001389831096,-0.2593955205366715,1.6603286767141263,1
-0.839581141402645,0.16016885664000605,-0.9621116314786696,1.2311561820373098,0.7786223708765221,0.20257746557685197,1.5393554005128487,-0.39305545009632015,1
1.5649792475745303,0.3128324633416094,0.05985245932153919,-1.265797343612904,-0.666214485559408,0.3166202018765538,0.5845389869420419,1.0614249730610794,1
-0.839581141402645,2.419590235823736,0.36644168656160186,1.418427696461076,-0.666214485559408,1.4190333194403308,2.869938273617973,-0.9064014817989318,1
2.466689393440971,-1.0916727183131414,0.16204886840156008,0.6693416387660118,-0.666214485559408,-0.2535934796219522,-0.5088798092438823,1.1469826450115148,1
-1.1401511900247918,0.3433651846819301,-3.517021858479192,-1.265797343612904,-0.666214485559408,1.457047564873565,-0.5920412388129526,-0.5641707939971907,1
0.9638391503302365,1.7784030876770016,0.7752273228816854,-1.265797343612904,-0.666214485559408,1.0388908651079938,-0.4041580090457938,0.7191942852593384,1
1.8655492961966773,0.28229974200128877,-0.34893317699854437,0.9814608294722885,-0.666214485559408,1.2036192619853403,-0.06535218487550745,0.46252126940803256,1
0.062129004463795746,0.7708232834464195,0.6730309138016645,-0.1421682570703077,-0.666214485559408,0.10120614442156245,-0.6998430919580437,3.2003667718219613,1
-0.5390110927804981,0.4349633487028921,0.05985245932153919,-1.265797343612904,-0.666214485559408,-0.35496480077724224,0.24573316277175558,-0.8208438098484965,1
-0.23844104415835116,-0.38942012748576604,-0.34893317699854437,-0.4542874477765844,-0.25093203580536816,-1.1152497094419165,0.6646203635641097,-0.8208438098484965,1
-0.839581141402645,-0.14515835676320066,0.05985245932153919,0.6069178006247564,0.16435041394867161,0.3673058624541986,0.2056924744607217,-0.050824762294579065,1
-0.839581141402645,-0.206223799443842,-0.24673676791852348,0.9190369913310332,-0.666214485559408,0.24059171101008622,0.2488132157187582,-0.991959153749367,1
-0.839581141402645,-0.5420837341873694,0.26424527748158094,-1.265797343612904,-0.666214485559408,0.988205204530349,-0.5212000210318928,0.8047519572097737,1
-1.1401511900247918,0.28229974200128877,2.103780640921957,1.605699210884842,0.45850881585778314,4.48551578438785,-0.44111864440982507,-0.5641707939971907,1
-1.1401511900247918,0.25176702066096807,-0.04234394975848169,-0.07974441892905235,0.8910947010182413,-0.15222215846666226,2.860698114776966,-0.649728465947626,1
0.6632691017080896,0.16016885664000605,0.36644168656160186,-1.265797343612904,-0.666214485559408,0.26593454129890814,-1.0509691279163405,1.831444020614997,1
0.6632691017080896,-3.656421310900078,-0.04234394975848169,1.2935800201785652,-0.666214485559408,0.9248481288082928,0.815542957967237,0.7191942852593384,1
-0.23844104415835116,0.28229974200128877,1.184012959201769,1.792970725308608,0.6748017584380122,0.5953913350536004,1.5578357181948643,-0.050824762294579065,1
0.9638391503302365,2.0531975797398876,-0.9621116314786696,0.7941893150485225,2.7252588540985836,0.2786059564433196,1.1204681997204946,0.12029058160629148,1
-1.1401511900247918,0.3433651846819301,-0.14454035883850258,1.2311561820373098,-0.666214485559408,0.3292916170209643,-0.8199651568911452,-0.9064014817989318,1
1.5649792475745303,0.06857069261904404,-0.655522404238607,-1.265797343612904,-0.666214485559408,0.20257746557685197,2.0075234484572446,0.03473290965585621,1
0.36269905308594264,2.114263022420529,-0.24673676791852348,0.7941893150485225,2.14559376798357,-0.0635222524557837,0.3720153335988621,-0.30749777814588486,1
-0.23844104415835116,2.0531975797398876,0.05985245932153919,0.10752709549471369,1.0641290550824245,0.5953913350536004,-0.16699393212659344,0.29140592550716204,1
-0.23844104415835116,1.564674038294757,0.16204886840156008,0.7941893150485225,0.5017674043738289,0.20257746557685197,-0.8107249980501374,-0.7352861378980612,1
-0.23844104415835116,0.6486923980851368,-3.517021858479192,-1.265797343612904,-0.666214485559408,-0.21557923418871844,0.9202647581653256,-0.47861312204675543,1
-0.23844104415835116,1.9005339730382844,0.26424527748158094,-1.265797343612904,-0.666214485559408,-0.15222215846666226,-0.36103726778775747,-0.30749777814588486,1
-0.23844104415835116,1.1677486608705883,0.05985245932153919,0.6069178006247564,2.1715489210931973,0.4813485987538995,-0.36411732073476005,0.20584825355672676,1
-0.5390110927804981,2.3585247931430944,0.05985245932153919,1.5432753727435866,4.031668227283167,-0.15222215846666226,-0.9370071688772441,1.7458863486645617,1
0.36269905308594264,-0.3283546848051247,-0.34893317699854437,1.2935800201785652,0.449857098154574,0.5193628441871329,0.1594916802556826,-0.649728465947626,1
0.9638391503302365,-0.6031491768680107,-3.517021858479192,-1.265797343612904,-0.666214485559408,-0.21557923418871844,0.06709009184560444,-0.050824762294579065,1
2.1661193448188243,0.007505249938402696,0.5708345047216437,1.0438846676135438,0.6315431699219664,1.3430048285738632,0.9941860288933881,1.3180979889123854,1
-1.1401511900247918,0.03803797127872337,-0.14454035883850258,0.6069178006247564,0.7613189354701038,0.3292916170209643,-0.798404786262127,0.03473290965585621,1
2.1661193448188243,-0.26728924212448335,0.7752273228816854,1.2311561820373098,-0.666214485559408,1.9132185100723689,1.4253934414737526,1.0614249730610794,1
0.36269905308594264,-0.14515835676320066,0.36644168656160186,-1.265797343612904,-0.666214485559408,-0.0635222524557837,-0.3671973736817625,0.9758673011106442,1
0.6632691017080896,2.297459350462453,0.05985245932153919,-1.265797343612904,-0.666214485559408,-0.1015364978890175,-0.4133981678868016,-0.13638243424501434,1
0.9638391503302365,-0.17569107810352133,-0.24673676791852348,-1.265797343612904,-0.666214485559408,-0.5450360279434108,0.8309432227022501,0.12029058160629148,1
1.2644091989523834,1.931066694378605,-0.24673676791852348,-1.265797343612904,-0.666214485559408,-1.0645640488642711,0.6461400458820941,-0.050824762294579065,1
0.6632691017080896,0.4349633487028921,0.5708345047216437,1.0438846676135438,2.534921064627982,1.837190019205902,-0.6906029331170359,1.1469826450115148,1
1.5649792475745303,1.3509449889125122,0.7752273228816854,0.04510325735345835,-0.666214485559408,-0.11420791303342846,1.1358684644555077,-0.050824762294579065,1
1.5649792475745303,-0.23675652078416268,0.6730309138016645,0.23237477177722438,-0.666214485559408,-0.4436647067881208,2.524972343553682,1.4892133328132557,1
-0.839581141402645,1.3204122675721917,0.16204886840156008,-1.265797343612904,-0.666214485559408,0.9248481288082928,2.3401691667335256,0.03473290965585621,1
2.1661193448188243,1.0761504968496263,0.36644168656160186,0.4820701243422458,0.6315431699219664,0.20257746557685197,2.7436561027908666,1.5747710047636911,1
-0.23844104415835116,1.7173376449963604,0.8774237319617063,0.4196462862009904,0.6834534761412213,0.20257746557685197,2.1307255663373486,1.6603286767141263,1
1.5649792475745303,1.9615994157189256,0.8263255274216958,-0.3294397714940737,-0.666214485559408,-0.21557923418871844,2.3124486902105024,1.4036556608628206,1
0.9638391503302365,-0.3283546848051247,0.5708345047216437,0.6693416387660118,-0.666214485559408,0.5320342593315442,2.0475641367682784,0.890309629160209,1
-0.5390110927804981,1.0761504968496263,0.26424527748158094,-0.20459209521156305,0.16435041394867161,-0.6464073490987003,-0.0899926084515283,-0.47861312204675543,1
1.2644091989523834,-0.3283546848051247,0.36644168656160186,1.1687323438960546,0.3200813326064365,-0.4816789522213546,0.5475783515780106,-0.13638243424501434,1
0.9638391503302365,-0.38942012748576604,0.26424527748158094,-1.265797343612904,-0.666214485559408,-0.2662648947663632,-0.6413220859649943,-0.13638243424501434,1
-1.1401511900247918,1.8089358090173224,1.081816550121748,0.4196462862009904,-0.666214485559408,1.571090301173266,0.6892607871401305,-0.8208438098484965,1
1.5649792475745303,-0.23675652078416268,0.6730309138016645,0.7317654769072671,0.8478361125021955,0.3166202018765538,-0.6228417682829787,0.29140592550716204,1
0.062129004463795746,0.8013560047867402,1.184012959201769,-1.265797343612904,-0.666214485559408,-0.0635222524557837,0.23649300393074776,2.430347724268044,1
0.36269905308594264,1.2898795462318708,1.7971914136818943,-1.265797343612904,-0.666214485559408,0.7601197319309471,-0.9585675395062624,1.6603286767141263,1
1.8655492961966773,-0.26728924212448335,0.05985245932153919,0.4196462862009904,-0.666214485559408,-0.5323646127989994,-0.9893680689762884,0.6336366133089031,1
0.36269905308594264,0.5876269554044955,0.5708345047216437,0.9190369913310332,0.718060346954058,-0.012836591878138492,-0.31175642063571574,-0.649728465947626,1
-0.5390110927804981,0.12963613529968537,-0.04234394975848169,0.4820701243422458,1.1073876435984702,0.1518918049992072,1.2713907941236224,-0.2219401061954496,1
0.9638391503302365,-0.4199528488260867,-0.45112958607856524,0.23237477177722438,-0.666214485559408,-0.6590787642431117,-0.511959862190885,-0.30749777814588486,1
0.062129004463795746,-0.26728924212448335,0.16204886840156008,1.6681230490260974,1.1246910790048885,0.6840912410644795,2.857618061829963,2.0025593645158675,1
1.2644091989523834,2.3279920718027736,0.36644168656160186,0.5444939624835011,1.7562664713391574,0.7347769016421243,0.43977649843291944,2.088117036466303,1
0.062129004463795746,0.7402905621060988,0.6730309138016645,0.7317654769072671,-0.666214485559408,0.8614910530862366,0.2826937981357869,0.3769635974575973,1
-0.23844104415835116,-1.2138036036744242,0.6730309138016645,0.6693416387660118,-0.0605942463347666,0.3166202018765538,2.555772873023708,-0.47861312204675543,1
0.6632691017080896,0.8318887261270609,0.5708345047216437,-1.265797343612904,-0.666214485559408,-0.2789363099107746,-0.8754061099371921,1.4892133328132557,1
-1.1401511900247918,-0.7558127835696141,0.8263255274216958,0.2947986099184797,-0.3547526482438781,0.7221054864977129,-0.6628824565940125,-0.7352861378980612,1
-0.839581141402645,0.7402905621060988,0.6730309138016645,1.605699210884842,0.8910947010182413,1.8245186040614907,-0.39183779725778334,1.1469826450115148,1
0.6632691017080896,0.12963613529968537,0.16204886840156008,-1.265797343612904,-0.666214485559408,-0.5196931976545879,-0.2901960500066975,-0.30749777814588486,1
1.5649792475745303,1.5341413169544362,0.26424527748158094,0.6693416387660118,-0.666214485559408,1.5584188860288546,-0.18239419686160632,0.890309629160209,1
-0.23844104415835116,1.2898795462318708,-0.8599152223986488,1.1063085057547992,-0.666214485559408,0.6967626562088909,0.5845389869420419,-0.7352861378980612,1
-0.5390110927804981,2.3585247931430944,0.05985245932153919,4.914162632371376,-0.666214485559408,0.37997727759861,0.3473749100228412,2.515905396218479,1
2.767259442063118,-0.48101829150672804,0.16204886840156008,-1.265797343612904,-0.666214485559408,-0.0635222524557837,0.008569085852555091,0.46252126940803256,1
-0.5390110927804981,1.0761504968496263,-0.8599152223986488,0.4196462862009904,4.005713074173539,0.8868338833750594,-0.6844428272230307,-0.649728465947626,1
-0.839581141402645,-0.9695418329518588,-1.9840757222788785,1.3560038583198206,0.1903055670582991,2.9522745519140905,0.10405072720963571,-0.5641707939971907,1
-0.23844104415835116,1.5036085956141156,0.26424527748158094,-0.07974441892905235,0.41525022734173733,-0.22825064933312986,-0.5982013447069577,-0.13638243424501434,1
1.8655492961966773,0.8624214474673815,0.7752273228816854,1.7305468871673526,1.3842426101011636,0.7474483167865357,1.65947746544595,1.5747710047636911,1
3.3683995393074118,0.49602879138353345,0.05985245932153919,0.7317654769072671,0.28547446179359987,0.6840912410644795,-0.9524074336122571,0.890309629160209,1
-1.1401511900247918,-0.053560192742238645,0.7752273228816854,1.6681230490260974,1.3236805861786993,1.7865043586282565,0.27345363929477906,-0.13638243424501434,1
0.36269905308594264,0.3128324633416094,0.6730309138016645,-1.265797343612904,-0.666214485559408,0.9375195439527042,1.520875082830833,0.3769635974575973,1
2.767259442063118,0.28229974200128877,-3.517021858479192,0.6069178006247564,-0.666214485559408,1.0388908651079938,0.3288945923408256,0.9758673011106442,1
-1.1401511900247918,0.9540196114883436,1.081816550121748,1.605699210884842,-0.666214485559408,1.3176619982850413,-0.2809558911656897,-0.991959153749367,1
1.2644091989523834,1.8700012516979636,-0.04234394975848169,0.9814608294722885,3.616385777529127,-0.20290781904430702,0.4705770279029455,2.3447900523176086,1
-0.23844104415835116,0.37389790602225076,0.5708345047216437,-1.265797343612904,-0.666214485559408,0.34196303216537577,-0.1854742498086089,0.9758673011106442,1
-0.5390110927804981,0.8013560047867402,0.05985245932153919,1.1063085057547992,2.44840388759589,-0.46900753707694315,-0.3856776913637781,-0.30749777814588486,1
0.6632691017080896,-0.14515835676320066,-0.45112958607856524,1.1687323438960546,-0.666214485559408,0.25326312615449764,-0.6690425624880177,0.6336366133089031,1
-0.839581141402645,-0.023027471401917975,0.8774237319617063,1.1687323438960546,1.2371634091466077,1.7611615283394346,1.0650272466744481,-0.30749777814588486,1
-1.1401511900247918,0.46549607004321275,-0.04234394975848169,1.3560038583198206,1.4967149402428825,1.3430048285738632,-0.29943620884770533,-0.7352861378980612,1
1.2644091989523834,0.40443062736257146,0.16204886840156008,-1.265797343612904,-0.666214485559408,0.1518918049992072,-0.5920412388129526,0.5480789413584678,1
0.062129004463795746,0.6792251194254575,0.8774237319617063,-1.265797343612904,-0.666214485559408,1.5584188860288546,0.5629786163130237,-0.9064014817989318,1
0.6632691017080896,2.2669266291221324,0.46863809564162273,-1.265797343612904,-0.666214485559408,-1.0392212185754488,-1.0263287043403198,2.259232380367173,1
0.36269905308594264,1.473075874273795,-0.24673676791852348,-1.265797343612904,-0.666214485559408,0.1518918049992072,-1.0078483866583041,0.7191942852593384,1
0.6632691017080896,-0.48101829150672804,0.26424527748158094,-0.1421682570703077,0.6834534761412213,-0.22825064933312986,0.800142693232224,0.7191942852593384,1
0.062129004463795746,0.8013560047867402,0.46863809564162273,-1.265797343612904,-0.666214485559408,0.8614910530862366,0.17797199793769825,2.9436937559706555,1
0.062129004463795746,0.8624214474673815,-0.45112958607856524,0.4196462862009904,2.0850317440611055,-0.1015364978890175,-0.9616475924532649,-0.30749777814588486,1
-1.1401511900247918,-0.4504855701664074,0.7752273228816854,-1.265797343612904,-0.666214485559408,-0.4816789522213546,0.8586636992252735,2.515905396218479,1
0.9638391503302365,-0.6947473408889727,0.36644168656160186,0.7317654769072671,0.12109182543262581,1.1656050165521061,1.2590705823356119,-0.050824762294579065,1
1.2644091989523834,0.9540196114883436,0.46863809564162273,0.7317654769072671,1.150646232114516,1.4190333194403308,0.1656517861496878,0.29140592550716204,1
1.5649792475745303,0.6181596767448161,1.2862093682817899,-1.265797343612904,-0.666214485559408,0.1265489747103853,0.8371033285962552,1.0614249730610794,1
0.36269905308594264,0.5265615127238541,2.001584231841936,-1.265797343612904,-0.666214485559408,2.1666468129605936,-0.7244835155340645,0.3769635974575973,1
-0.5390110927804981,-0.053560192742238645,0.5708345047216437,-1.265797343612904,-0.666214485559408,1.4190333194403308,0.7108211577691484,-0.991959153749367,1
-0.839581141402645,0.8318887261270609,1.2862093682817899,1.2935800201785652,-0.666214485559408,2.2300038886826496,-0.32099657947672355,-0.47861312204675543,1
1.2644091989523834,-0.35888740614544534,0.05985245932153919,-1.265797343612904,-0.666214485559408,-0.15222215846666226,1.5177950298838305,0.03473290965585621,1
-0.839581141402645,1.8700012516979636,-0.24673676791852348,0.6069178006247564,0.8910947010182413,0.30394878673214243,-0.4133981678868016,0.46252126940803256,1
0.6632691017080896,-0.5420837341873694,0.6730309138016645,-1.265797343612904,-0.666214485559408,-0.11420791303342846,-0.869246004043187,0.29140592550716204,1
0.36269905308594264,-3.656421310900078,0.5708345047216437,0.7317654769072671,-0.666214485559408,1.1782764316965175,-0.3579572148407549,0.3769635974575973,1
-1.1401511900247918,1.2898795462318708,0.36644168656160186,2.2299375922973956,0.19895728476150826,2.7241890793146886,0.9141046522713204,-0.649728465947626,1
0.6632691017080896,1.2898795462318708,-0.34893317699854437,-1.265797343612904,-0.666214485559408,-0.9378498974201588,-0.8754061099371921,1.4892133328132557,1
0.062129004463795746,1.6257394809753982,0.05985245932153919,-0.39186360963532907,0.7872740885797312,-0.2535934796219522,-0.31175642063571574,0.03473290965585621,1
0.9638391503302365,2.0531975797398876,-0.04234394975848169,1.1687323438960546,1.9639076962161774,0.7601197319309471,-0.6413220859649943,0.7191942852593384,1
-0.839581141402645,0.25176702066096807,-1.0643080405586907,1.5432753727435866,1.0122187488631695,1.1149193559744612,0.46441692200894025,-0.7352861378980612,1
-0.839581141402645,2.3279920718027736,0.36644168656160186,0.9814608294722885,1.4880632225396735,0.6080627501980119,1.2713907941236224,-0.30749777814588486,1
0.9638391503302365,1.2593468248915503,0.8774237319617063,-1.265797343612904,-0.666214485559408,-0.16489357361107368,-0.9154467982482258,1.23254031696195,1
1.2644091989523834,0.12963613529968537,0.36644168656160186,0.23237477177722438,4.5248161363660895,-0.38030763106606463,0.6923408400871331,1.6603286767141263,1
-1.1401511900247918,1.2898795462318708,0.36644168656160186,0.9814608294722885,-0.666214485559408,2.268018134115884,-0.3025162617947079,-0.5641707939971907,1
1.8655492961966773,-0.57261645552769,0.8774237319617063,1.0438846676135438,-0.666214485559408,1.7611615283394346,2.0752846132913016,0.46252126940803256,1
1.5649792475745303,-0.5420837341873694,0.36644168656160186,1.0438846676135438,-0.666214485559408,0.1518918049992072,0.6245796752530758,1.1469826450115148,1
3.067829490685265,-0.6031491768680107,0.46863809564162273,0.2947986099184797,0.9257015718310779,0.6207341653424233,-0.15467372033858304,1.1469826450115148,1
1.2644091989523834,0.007505249938402696,0.8774237319617063,-1.265797343612904,-0.666214485559408,-0.4183218764992984,-0.6259218212299812,-0.9064014817989318,1
-1.1401511900247918,2.114263022420529,1.7971914136818943,0.2947986099184797,-0.666214485559408,0.3292916170209643,-0.08383250255752309,0.7191942852593384,1
-0.5390110927804981,-0.5420837341873694,0.8774237319617063,0.9814608294722885,0.37199163882569153,1.7484901131950232,-1.0324888102343248,-0.8208438098484965,1
2.1661193448188243,0.46549607004321275,-3.517021858479192,-1.265797343612904,-0.666214485559408,2.610146343014987,0.356615068863849,0.6336366133089031,1
0.062129004463795746,1.9615994157189256,0.46863809564162273,1.1687323438960546,1.73031131822953,0.6714198259200681,-0.6105215564949682,-0.13638243424501434,1
-0.839581141402645,1.5952067596350776,-0.04234394975848169,1.792970725308608,4.3431300645986965,1.3556762437182746,0.7385416342921719,-0.39305545009632015,1
0.062129004463795746,0.37389790602225076,-3.517021858479192,-1.265797343612904,-0.666214485559408,0.1518918049992072,-0.49347954450886933,-0.8208438098484965,1
1.8655492961966773,-0.35888740614544534,-0.14454035883850258,-1.265797343612904,-0.666214485559408,0.08853472927715103,-0.5858811329189474,0.8047519572097737,1
-0.23844104415835116,0.3128324633416094,0.46863809564162273,0.16995093363596903,0.01727121299411586,-0.4183218764992984,-0.4287984326218146,0.12029058160629148,1
1.5649792475745303,1.3814777102528328,0.9796201410417271,-1.265797343612904,-0.666214485559408,-0.16489357361107368,-0.49347954450886933,1.4036556608628206,1
0.36269905308594264,2.0531975797398876,0.36644168656160186,0.4196462862009904,1.1246910790048885,1.50773322545121,1.7611192126970363,1.7458863486645617,1
-1.1401511900247918,0.5570942340641748,-3.517021858479192,-1.265797343612904,-0.666214485559408,0.582719919909189,1.4500338650497735,-0.649728465947626,1
-0.23844104415835116,1.5341413169544362,-0.24673676791852348,1.0438846676135438,1.2804219976626536,0.35463444730978716,-0.3271566853707288,-0.2219401061954496,1
2.767259442063118,1.1677486608705883,2.3081734590819987,-1.265797343612904,-0.666214485559408,1.3430048285738632,-0.6320819271239865,0.9758673011106442,1
0.6632691017080896,0.16016885664000605,0.46863809564162273,0.6693416387660118,-0.666214485559408,-0.5196931976545879,0.31657438055281517,1.4036556608628206,1
-0.23844104415835116,-1.2748690463550656,-0.9621116314786696,0.7317654769072671,0.09513667232299831,-0.08886508274460608,-0.6598024036470099,-0.5641707939971907,1
-1.1401511900247918,0.12963613529968537,0.05985245932153919,-0.017320580787797003,-0.666214485559408,-0.5450360279434108,-0.6413220859649943,0.29140592550716204,1
-0.23844104415835116,-0.23675652078416268,0.26424527748158094,0.6069178006247564,-0.666214485559408,-0.012836591878138492,-0.8168851039441426,-0.649728465947626,1
-1.1401511900247918,2.0837303010802084,0.6730309138016645,-0.39186360963532907,0.9343532895342871,0.03784906869950627,0.67694057535212,-0.9064014817989318,1
1.2644091989523834,0.7097578407657782,-0.14454035883850258,-1.265797343612904,-0.666214485559408,0.40532010788743195,-1.0263287043403198,0.7191942852593384,1
-0.23844104415835116,1.3204122675721917,0.05985245932153919,-0.1421682570703077,0.2422158732775541,-0.012836591878138492,-0.5982013447069577,-0.39305545009632015,1
-0.5390110927804981,-0.35888740614544534,0.5708345047216437,-1.265797343612904,-0.666214485559408,-0.5957216885210556,-0.6259218212299812,1.6603286767141263,1
0.9638391503302365,0.6792251194254575,1.081816550121748,0.23237477177722438,3.4866100119809897,-0.16489357361107368,-1.0294087572873223,0.890309629160209,1
0.062129004463795746,-0.14515835676320066,0.16204886840156008,-1.265797343612904,-0.666214485559408,-0.35496480077724224,-0.26555562643067665,1.1469826450115148,1
-0.23844104415835116,1.1677486608705883,0.36644168656160186,0.9814608294722885,1.4534563517268368,-0.012836591878138492,1.19746952339556,-0.39305545009632015,1
1.2644091989523834,1.4425431529334742,1.8993878227619152,1.605699210884842,1.3323323038819086,0.7474483167865357,-0.9154467982482258,0.890309629160209,1
0.36269905308594264,-0.23675652078416268,-0.14454035883850258,-1.265797343612904,-0.666214485559408,0.7727911470753576,-0.619761715335976,0.7191942852593384,1
-0.839581141402645,0.8929541688077022,-0.04234394975848169,0.5444939624835011,0.43255366274815565,-0.304279140199597,-0.34871705599974706,0.8047519572097737,1
-1.1401511900247918,1.839468530357643,-0.14454035883850258,1.1687323438960546,-0.666214485559408,1.3049905831406299,4.406884694172273,-0.649728465947626,1
-0.5390110927804981,0.8013560047867402,-3.517021858479192,-1.265797343612904,-0.666214485559408,-0.5323646127989994,-0.6844428272230307,-0.39305545009632015,1
1.2644091989523834,0.007505249938402696,-3.517021858479192,-1.265797343612904,-0.666214485559408,-0.21557923418871844,-0.8600058452021792,0.46252126940803256,1
0.6632691017080896,2.1447957437608496,1.184012959201769,-1.265797343612904,-0.666214485559408,0.4813485987538995,-0.5674008152369318,2.85813608402022,1
0.9638391503302365,2.3279920718027736,1.081816550121748,-1.265797343612904,-0.666214485559408,1.0262194499635824,-0.03455165540548139,0.7191942852593384,1
-0.23844104415835116,1.656272202315719,-0.5533259951585862,0.10752709549471369,1.0122187488631695,0.1518918049992072,0.40281586306888817,0.29140592550716204,1
1.2644091989523834,1.7173376449963604,1.081816550121748,0.8566131531897778,1.9293008254033408,0.25326312615449764,0.014729191746560302,2.173674708416738,1
-0.5390110927804981,-0.4504855701664074,0.5708345047216437,1.5432753727435866,0.986263595753542,0.25326312615449764,0.7662621108151954,-0.30749777814588486,1
0.062129004463795746,1.1677486608705883,0.46863809564162273,-1.265797343612904,-0.666214485559408,0.1518918049992072,1.049626981939435,-0.13638243424501434,1
3.9695396365517057,1.3204122675721917,0.16204886840156008,1.2935800201785652,0.3200813326064365,1.1656050165521061,1.0927477231974712,1.23254031696195,1
1.5649792475745303,-0.023027471401917975,0.5708345047216437,0.9190369913310332,-0.666214485559408,-0.3422933856328308,-0.6136016094419708,-0.30749777814588486,1
0.6632691017080896,0.4349633487028921,0.05985245932153919,0.16995093363596903,0.45850881585778314,0.4686771836094881,0.24573316277175558,-0.30749777814588486,1
0.062129004463795746,0.16016885664000605,0.5708345047216437,-1.265797343612904,-0.666214485559408,0.07586331413273963,0.22725284508973995,-0.47861312204675543,1
0.9638391503302365,0.28229974200128877,-0.04234394975848169,1.792970725308608,0.41525022734173733,0.8614910530862366,-0.07151229076951267,0.890309629160209,1
0.062129004463795746,0.49602879138353345,0.05985245932153919,-1.265797343612904,-0.666214485559408,-0.0635222524557837,2.216967048853421,-0.9064014817989318,1
0.9638391503302365,0.9845523328286642,0.9796201410417271,1.4808515346023312,-0.666214485559408,2.318703794693529,-0.3856776913637781,0.29140592550716204,1
1.8655492961966773,0.16016885664000605,0.05985245932153919,0.3572224480597351,0.3287330503096457,-0.07619366760019468,-0.7922446803681219,0.7191942852593384,1
-0.23844104415835116,1.6257394809753982,0.7752273228816854,0.7941893150485225,3.4346997057617346,0.5066914290427224,-0.6290018741769838,-0.9064014817989318,1
0.36269905308594264,-0.11462563542288,0.26424527748158094,0.5444939624835011,-0.666214485559408,0.07586331413273963,0.6091794105180628,0.20584825355672676,1
0.36269905308594264,0.49602879138353345,0.7752273228816854,1.2935800201785652,0.09513667232299831,0.41799152303184334,-0.5427603916609111,0.20584825355672676,1
0.9638391503302365,1.8700012516979636,0.7752273228816854,0.04510325735345835,0.9949153134567512,0.5320342593315442,0.3812554924398699,1.5747710047636911,1
0.36269905308594264,-1.0611399969728208,0.26424527748158094,0.10752709549471369,-0.666214485559408,-0.3422933856328308,2.3463292726275307,-0.050824762294579065,1
